date,var_01,var_05,var,prob_negative,prob_tail,risk_score,confidence,raw_ok,sign_ok,order_ok,n_headlines
2023-01-13,1.06,0.67,1.06,0.05,0.01,85.0,0.95,True,True,True,0
2023-01-16,1.06,0.67,1.06,0.05,0.02,85.0,0.95,True,True,True,0
2023-01-17,1.06,0.73,1.06,0.05,0.02,85.0,0.95,True,True,True,0
2023-01-18,1.06,0.67,1.06,0.05,0.02,85.0,0.95,True,True,True,0
2023-01-19,0.67,0.57,0.67,0.01,0.05,85.0,0.9,True,True,True,0
2023-01-20,0.67,0.57,0.67,0.01,0.05,85.0,0.95,True,True,True,0
2023-01-23,1.74,0.73,1.74,0.05,0.01,85.0,0.95,True,True,True,0
2023-01-24,1.74,0.73,1.74,0.05,0.01,85.0,0.95,True,True,True,0
2023-01-25,1.74,0.73,1.74,0.05,0.01,85.0,0.95,True,True,True,0
2023-01-26,1.74,0.73,1.74,0.99,0.99,85.0,0.99,True,True,True,0
2023-01-27,1.74,0.73,1.74,0.05,0.01,85.0,0.95,True,True,True,0
2023-01-30,1.74,0.73,1.74,0.05,0.01,85.0,0.95,True,True,True,0
2023-01-31,1.74,0.73,1.74,0.05,0.01,85.0,0.95,True,True,True,0
2023-02-01,1.74,0.73,1.74,0.99,0.99,85.0,0.99,True,True,True,0
2023-02-02,1.74,0.73,1.74,0.99,0.99,85.0,0.99,True,True,True,0
2023-02-03,1.74,0.73,1.74,0.99,0.99,85.0,0.99,True,True,True,0
2023-02-06,1.74,0.73,1.74,0.99,0.99,85.0,0.99,True,True,True,0
2023-02-07,1.74,0.73,1.74,0.99,0.99,85.0,0.99,True,True,True,0
2023-02-08,1.74,0.73,1.74,0.99,0.99,85.0,0.99,True,True,True,0
2023-02-09,1.74,0.73,1.74,0.99,0.99,85.0,0.99,True,True,True,0
2023-02-10,1.74,0.67,1.74,0.05,0.01,85.0,0.95,True,True,True,0
2023-02-13,1.74,0.67,1.74,0.05,0.01,85.0,0.95,True,True,True,0
2023-02-14,1.74,0.67,1.74,0.05,0.01,85.0,0.95,True,True,True,0
2023-02-15,1.74,0.67,1.74,0.05,0.01,85.0,0.95,True,True,True,0
2023-02-16,1.74,0.67,1.74,0.05,0.01,85.0,0.95,True,True,True,0
2023-02-17,1.74,0.73,1.74,0.99,0.99,85.0,0.99,True,True,True,0
2023-02-20,1.74,0.73,1.74,0.99,0.99,85.0,0.99,True,True,True,0
2023-02-21,1.74,0.73,1.74,0.99,0.99,85.0,0.99,True,True,True,0
2023-02-22,1.74,0.85,1.74,0.99,0.99,85.0,0.99,True,True,True,0
2023-02-23,1.74,0.85,1.74,0.99,0.99,85.0,0.99,True,True,True,0
2023-02-24,1.74,0.85,1.74,0.99,0.99,85.0,0.99,True,True,True,0
2023-02-27,1.73,0.85,1.73,0.99,0.99,85.0,0.99,True,True,True,0
2023-02-28,1.73,0.85,1.73,0.99,0.99,85.0,0.99,True,True,True,0
2023-03-01,1.73,0.85,1.73,0.99,0.99,85.0,0.99,True,True,True,0
2023-03-02,1.73,0.85,1.73,0.99,0.99,85.0,0.99,True,True,True,0
2023-03-03,1.73,0.85,1.73,0.99,0.99,85.0,0.99,True,True,True,0
2023-03-06,1.73,0.85,1.73,0.05,0.01,85.0,0.95,True,True,True,0
2023-03-07,1.73,0.85,1.73,0.08,0.03,75.0,0.9,True,True,True,0
2023-03-08,1.73,0.85,1.73,0.08,0.03,75.0,0.9,True,True,True,0
2023-03-09,1.73,0.85,1.73,0.08,0.03,75.0,0.9,True,True,True,0
2023-03-10,1.73,0.85,1.73,0.08,0.03,75.0,0.9,True,True,True,0
2023-03-13,1.73,0.85,1.73,0.05,0.01,85.0,0.95,True,True,True,0
2023-03-14,1.73,0.85,1.73,0.05,0.01,85.0,0.95,True,True,True,0
2023-03-15,1.73,0.85,1.73,0.05,0.01,85.0,0.95,True,True,True,0
2023-03-16,1.73,0.85,1.73,0.05,0.01,85.0,0.95,True,True,True,0
2023-03-17,1.73,0.85,1.73,0.05,0.01,85.0,0.95,True,True,True,0
2023-03-20,1.73,0.85,1.73,0.05,0.01,85.0,0.95,True,True,True,0
2023-03-21,1.73,0.85,1.73,0.05,0.01,85.0,0.95,True,True,True,0
2023-03-22,1.73,0.85,1.73,0.05,0.01,85.0,0.95,True,True,True,0
2023-03-23,1.34,0.85,1.34,0.05,0.01,85.0,0.95,True,True,True,0
2023-03-24,1.73,0.85,1.73,0.05,0.01,85.0,0.95,True,True,True,0
2023-03-27,1.34,0.85,1.34,0.05,0.01,85.0,0.95,True,True,True,0
2023-03-28,1.34,0.85,1.34,0.05,0.01,85.0,0.95,True,True,True,0
2023-03-29,1.34,0.85,1.34,0.05,0.01,85.0,0.95,True,True,True,0
2023-03-30,1.34,0.6,1.34,0.05,0.01,85.0,0.95,True,True,True,0
2023-03-31,1.34,0.85,1.34,0.05,0.01,85.0,0.95,True,True,True,0
2023-04-03,1.34,0.85,1.34,0.05,0.01,85.0,0.95,True,True,True,0
2023-04-04,1.34,0.85,1.34,0.05,0.01,85.0,0.95,True,True,True,0
2023-04-05,1.34,0.85,1.34,0.05,0.01,85.0,0.95,True,True,True,0
2023-04-06,1.34,0.85,1.34,0.05,0.01,85.0,0.95,True,True,True,0
2023-04-11,1.34,0.52,1.34,0.05,0.01,85.0,0.95,True,True,True,0
2023-04-12,1.34,0.52,1.34,0.05,0.01,85.0,0.95,True,True,True,0
2023-04-13,1.34,0.52,1.34,0.05,0.01,85.0,0.95,True,True,True,0
2023-04-14,1.34,0.52,1.34,0.99,0.99,85.0,0.99,True,True,True,0
2023-04-17,1.34,0.52,1.34,0.05,0.01,85.0,0.95,True,True,True,0
2023-04-18,1.34,0.52,1.34,0.05,0.01,85.0,0.95,True,True,True,0
2023-04-19,1.34,0.52,1.34,0.05,0.01,85.0,0.95,True,True,True,0
2023-04-20,1.34,0.6,1.34,0.05,0.01,85.0,0.95,True,True,True,0
2023-04-21,1.34,0.6,1.34,0.05,0.01,85.0,0.95,True,True,True,0
2023-04-24,1.34,0.6,1.34,0.05,0.01,85.0,0.95,True,True,True,0
2023-04-25,1.34,0.6,1.34,0.05,0.01,85.0,0.95,True,True,True,0
2023-04-26,1.34,0.6,1.34,0.05,0.01,85.0,0.95,True,True,True,0
2023-04-27,1.34,0.6,1.34,0.05,0.01,85.0,0.95,True,True,True,0
2023-04-28,1.34,0.6,1.34,0.05,0.01,85.0,0.95,True,True,True,0
2023-05-02,1.68,0.63,1.68,0.99,0.99,85.0,0.99,True,True,True,0
2023-05-03,1.68,0.63,1.68,0.99,0.99,85.0,0.99,True,True,True,0
2023-05-04,1.68,0.63,1.68,0.99,0.99,85.0,0.99,True,True,True,0
2023-05-05,1.68,0.63,1.68,0.99,0.99,85.0,0.99,True,True,True,0
2023-05-08,1.68,0.63,1.68,0.99,0.99,85.0,0.99,True,True,True,0
2023-05-09,1.68,0.63,1.68,0.99,0.99,85.0,0.99,True,True,True,0
2023-05-10,1.68,0.63,1.68,0.05,0.02,85.0,0.9,True,True,True,0
2023-05-11,1.68,0.63,1.68,0.05,0.01,85.0,0.95,True,True,True,0
2023-05-12,1.68,0.63,1.68,0.05,0.02,85.0,0.9,True,True,True,0
2023-05-15,1.68,0.63,1.68,0.05,0.01,85.0,0.95,True,True,True,0
2023-05-16,1.68,0.63,1.68,0.05,0.02,85.0,0.9,True,True,True,0
2023-05-17,1.24,0.63,1.24,0.05,0.01,85.0,0.9,True,True,True,0
2023-05-18,1.24,0.63,1.24,0.05,0.02,85.0,0.9,True,True,True,0
2023-05-19,1.68,0.6,1.68,0.99,0.99,85.0,0.99,True,True,True,0
2023-05-22,1.68,0.6,1.68,0.99,0.99,85.0,0.99,True,True,True,0
2023-05-23,1.68,0.6,1.68,0.99,0.99,85.0,0.99,True,True,True,0
2023-05-24,1.68,0.6,1.68,0.99,0.99,85.0,0.99,True,True,True,0
2023-05-25,1.68,0.6,1.68,0.99,0.99,85.0,0.99,True,True,True,0
2023-05-26,1.24,0.63,1.24,0.99,0.99,85.0,0.99,True,True,True,0
2023-05-29,1.24,0.63,1.24,0.99,0.99,85.0,0.99,True,True,True,0
2023-05-30,1.24,0.63,1.24,0.99,0.99,85.0,0.99,True,True,True,0
2023-05-31,1.24,0.63,1.24,0.99,0.99,85.0,0.99,True,True,True,0
2023-06-01,1.24,0.63,1.24,0.99,0.99,85.0,0.99,True,True,True,0
2023-06-02,1.24,0.63,1.24,0.99,0.99,85.0,0.99,True,True,True,0
2023-06-05,1.24,0.63,1.24,0.99,0.99,85.0,0.99,True,True,True,0
2023-06-06,1.24,0.54,1.24,0.99,0.99,85.0,0.99,True,True,True,0
2023-06-07,1.24,0.63,1.24,0.99,0.99,85.0,0.99,True,True,True,0
2023-06-08,1.24,0.54,1.24,0.99,0.99,85.0,0.99,True,True,True,0
2023-06-09,1.24,0.54,1.24,0.99,0.99,85.0,0.99,True,True,True,0
2023-06-12,1.24,0.54,1.24,0.99,0.99,85.0,0.99,True,True,True,0
2023-06-13,1.24,0.63,1.24,0.99,0.99,85.0,0.99,True,True,True,0
2023-06-14,1.24,0.63,1.24,0.99,0.99,85.0,0.99,True,True,True,0
2023-06-15,1.24,0.63,1.24,0.05,0.12,85.0,0.9,True,True,True,0
2023-06-16,1.24,0.63,1.24,0.05,0.12,85.0,0.9,True,True,True,0
2023-06-19,1.24,0.63,1.24,0.99,0.99,85.0,0.99,True,True,True,0
2023-06-20,0.55,0.39,0.55,0.99,0.99,85.0,0.99,True,True,True,0
2023-06-21,0.55,0.39,0.55,0.99,0.99,85.0,0.99,True,True,True,0
2023-06-22,0.44,0.31,0.44,0.96,0.99,85.0,0.99,True,True,True,0
2023-06-23,0.44,0.31,0.44,0.96,0.99,85.0,0.99,True,True,True,0
2023-06-26,0.44,0.31,0.44,0.99,0.99,85.0,0.99,True,True,True,0
2023-06-27,0.44,0.28,0.44,0.96,0.99,85.0,0.95,True,True,True,0
2023-06-28,0.44,0.31,0.44,0.99,0.99,85.0,0.99,True,True,True,0
2023-06-29,0.55,0.39,0.55,0.99,0.99,85.0,0.99,True,True,True,0
2023-06-30,0.55,0.39,0.55,0.99,0.99,85.0,0.99,True,True,True,0
2023-07-03,0.55,0.39,0.55,0.99,0.99,85.0,0.99,True,True,True,0
2023-07-04,0.55,0.39,0.55,0.99,0.99,85.0,0.99,True,True,True,0
2023-07-05,0.55,0.39,0.55,0.99,0.99,85.0,0.99,True,True,True,0
2023-07-06,0.55,0.39,0.55,0.99,0.99,85.0,0.99,True,True,True,0
2023-07-07,0.55,0.39,0.55,0.99,0.99,85.0,0.99,True,True,True,0
2023-07-10,0.55,0.39,0.55,0.99,0.99,85.0,0.99,True,True,True,0
2023-07-11,0.44,0.28,0.44,0.96,0.99,85.0,0.95,True,True,True,0
2023-07-12,1.94,0.99,1.94,0.99,0.99,85.0,0.99,True,True,True,0
2023-07-13,0.64,0.39,0.64,0.99,0.99,85.0,0.99,True,True,True,0
2023-07-14,1.94,0.99,1.94,0.99,0.99,95.0,0.99,True,True,True,0
2023-07-17,0.99,0.56,0.99,0.99,0.99,95.0,0.99,True,True,True,0
2023-07-18,0.55,0.39,0.55,0.99,0.99,85.0,0.99,True,True,True,0
2023-07-19,0.55,0.44,0.55,0.99,0.99,85.0,0.99,True,True,True,0
2023-07-20,1.94,0.99,1.94,0.99,0.99,95.0,0.99,True,True,True,0
2023-07-21,1.94,0.99,1.94,0.99,0.99,85.0,0.99,True,True,True,0
2023-07-24,0.99,0.56,0.99,0.99,0.99,95.0,0.99,True,True,True,0
2023-07-25,1.94,0.99,1.94,0.99,0.99,95.0,0.99,True,True,True,0
2023-07-26,0.99,0.56,0.99,0.99,0.99,95.0,0.99,True,True,True,0
2023-07-27,1.94,0.99,1.94,0.99,0.99,95.0,0.99,True,True,True,0
2023-07-28,0.5,0.3,0.5,0.95,0.99,85.0,0.95,True,True,True,0
2023-07-31,0.99,0.56,0.99,0.99,0.99,95.0,0.99,True,True,True,0
2023-08-01,0.64,0.39,0.64,0.99,0.99,85.0,0.99,True,True,True,0
2023-08-02,1.26,0.99,1.26,0.99,0.99,85.0,0.99,True,True,True,0
2023-08-03,1.26,0.99,1.26,0.99,0.99,85.0,0.99,True,True,True,0
2023-08-04,1.26,0.99,1.26,0.99,0.99,85.0,0.99,True,True,True,0
2023-08-07,1.26,0.99,1.26,0.99,0.99,85.0,0.99,True,True,True,0
2023-08-08,1.26,0.99,1.26,0.99,0.99,85.0,0.99,True,True,True,0
2023-08-09,1.26,0.99,1.26,0.99,0.99,85.0,0.99,True,True,True,0
2023-08-10,1.26,0.99,1.26,0.99,0.99,85.0,0.99,True,True,True,0
2023-08-11,1.26,0.99,1.26,0.99,0.99,85.0,0.99,True,True,True,0
2023-08-14,1.26,0.99,1.26,0.99,0.99,85.0,0.99,True,True,True,0
2023-08-15,1.26,0.99,1.26,0.99,0.99,85.0,0.99,True,True,True,0
2023-08-16,1.26,0.99,1.26,0.99,0.99,85.0,0.99,True,True,True,0
2023-08-17,1.26,0.99,1.26,0.99,0.99,85.0,0.99,True,True,True,0
2023-08-18,1.26,0.99,1.26,0.99,0.99,85.0,0.99,True,True,True,0
2023-08-21,1.26,0.79,1.26,0.05,0.01,85.0,0.95,True,True,True,0
2023-08-22,1.26,0.79,1.26,0.05,0.01,85.0,0.95,True,True,True,0
2023-08-23,1.26,0.79,1.26,0.05,0.01,85.0,0.95,True,True,True,0
2023-08-24,0.66,0.5,0.66,0.99,0.99,85.0,0.99,True,True,True,0
2023-08-25,0.68,0.56,0.68,0.99,0.99,85.0,0.99,True,True,True,0
2023-08-28,1.26,0.66,1.26,0.05,0.01,85.0,0.95,True,True,True,0
2023-08-29,0.68,0.56,0.68,0.99,0.99,85.0,0.99,True,True,True,0
2023-08-30,1.26,0.66,1.26,0.99,0.99,85.0,0.99,True,True,True,0
2023-08-31,1.26,0.66,1.26,0.99,0.99,85.0,0.99,True,True,True,0
2023-09-01,1.26,0.66,1.26,0.99,0.99,85.0,0.99,True,True,True,0
2023-09-04,1.26,0.66,1.26,0.99,0.99,85.0,0.99,True,True,True,0
2023-09-05,1.26,0.66,1.26,0.99,0.99,85.0,0.99,True,True,True,0
2023-09-06,1.26,0.66,1.26,0.99,0.99,85.0,0.99,True,True,True,0
2023-09-07,1.26,0.66,1.26,0.99,0.99,85.0,0.99,True,True,True,0
2023-09-08,1.26,0.66,1.26,0.01,0.05,85.0,0.95,True,True,True,0
2023-09-11,1.26,0.66,1.26,0.05,0.01,85.0,0.95,True,True,True,0
2023-09-12,1.11,0.66,1.11,0.99,0.99,85.0,0.99,True,True,True,0
2023-09-13,1.11,0.66,1.11,0.99,0.99,85.0,0.99,True,True,True,0
2023-09-14,1.03,0.66,1.03,0.05,0.01,85.0,0.95,True,True,True,0
2023-09-15,1.03,0.66,1.03,0.01,0.05,85.0,0.95,True,True,True,0
2023-09-18,1.03,0.66,1.03,0.05,0.01,85.0,0.95,True,True,True,0
2023-09-19,1.03,0.66,1.03,0.05,0.01,85.0,0.95,True,True,True,0
2023-09-20,1.03,0.66,1.03,0.05,0.01,85.0,0.95,True,True,True,0
2023-09-21,1.05,0.66,1.05,0.05,0.01,85.0,0.95,True,True,True,0
2023-09-22,1.34,0.66,1.34,0.99,0.99,85.0,0.99,True,True,True,0
2023-09-25,1.34,0.66,1.34,0.99,0.99,85.0,0.99,True,True,True,0
2023-09-26,1.34,0.86,1.34,0.98,0.99,85.0,0.99,True,True,True,0
2023-09-27,1.34,0.86,1.34,0.98,0.99,85.0,0.99,True,True,True,0
2023-09-28,1.34,0.98,1.34,0.98,0.98,85.0,0.99,True,True,True,0
2023-09-29,1.34,0.98,1.34,0.98,0.98,85.0,0.99,True,True,True,0
2023-10-02,1.34,0.98,1.34,0.98,0.98,85.0,0.99,True,True,True,0
2023-10-03,1.34,0.98,1.34,0.98,0.98,85.0,0.99,True,True,True,0
2023-10-04,0.98,0.66,0.98,0.98,0.98,85.0,0.99,True,True,True,0
2023-10-05,1.34,0.66,1.34,0.98,0.99,85.0,0.99,True,True,True,0
2023-10-06,0.98,0.66,0.98,0.98,0.98,85.0,0.99,True,True,True,0
2023-10-09,1.07,0.66,1.07,0.01,0.05,85.0,0.95,True,True,True,0
2023-10-10,0.98,0.67,0.98,0.98,0.98,85.0,0.99,True,True,True,0
2023-10-11,0.98,0.67,0.98,0.98,0.98,85.0,0.99,True,True,True,0
2023-10-12,0.98,0.67,0.98,0.98,0.98,85.0,0.99,True,True,True,0
2023-10-13,1.07,0.66,1.07,0.01,0.05,85.0,0.95,True,True,True,0
2023-10-16,1.34,0.86,1.34,0.98,0.99,85.0,0.99,True,True,True,0
2023-10-17,0.98,0.67,0.98,0.98,0.98,85.0,0.99,True,True,True,0
2023-10-18,1.34,0.67,1.34,0.98,0.99,85.0,0.99,True,True,True,0
2023-10-19,1.34,0.67,1.34,0.98,0.99,85.0,0.99,True,True,True,0
2023-10-20,1.34,0.67,1.34,0.98,0.99,85.0,0.99,True,True,True,0
2023-10-23,1.34,0.98,1.34,0.98,0.98,85.0,0.99,True,True,True,0
2023-10-24,1.34,0.98,1.34,0.98,0.98,85.0,0.99,True,True,True,0
2023-10-25,1.34,0.98,1.34,0.98,0.98,85.0,0.99,True,True,True,0
2023-10-26,1.05,0.67,1.05,0.98,0.99,85.0,0.99,True,True,True,0
2023-10-27,1.07,0.66,1.07,0.98,0.99,85.0,0.99,True,True,True,0
2023-10-30,1.07,0.67,1.07,0.98,0.99,85.0,0.99,True,True,True,0
2023-10-31,1.07,0.67,1.07,0.98,0.99,85.0,0.99,True,True,True,0
2023-11-01,1.07,0.67,1.07,0.98,0.99,85.0,0.99,True,True,True,0
2023-11-02,0.98,0.67,0.98,0.98,0.98,85.0,0.99,True,True,True,0
2023-11-03,1.03,0.66,1.03,0.98,0.99,85.0,0.99,True,True,True,0
2023-11-06,1.07,0.98,1.07,0.98,0.98,85.0,0.99,True,True,True,0
2023-11-07,1.07,0.98,1.07,0.98,0.98,85.0,0.99,True,True,True,0
2023-11-08,1.07,0.98,1.07,0.98,0.98,85.0,0.99,True,True,True,0
2023-11-09,1.07,0.98,1.07,0.98,0.98,85.0,0.99,True,True,True,0
2023-11-10,1.07,0.98,1.07,0.98,0.98,85.0,0.99,True,True,True,0
2023-11-13,0.98,0.67,0.98,0.98,0.98,85.0,0.98,True,True,True,0
2023-11-14,1.07,0.98,1.07,0.98,0.98,85.0,0.99,True,True,True,0
2023-11-15,1.07,0.98,1.07,0.98,0.98,85.0,0.99,True,True,True,0
2023-11-16,1.56,0.98,1.56,0.98,0.98,85.0,0.99,True,True,True,0
2023-11-17,1.03,0.98,1.03,0.98,0.99,85.0,0.99,True,True,True,0
2023-11-20,1.56,0.98,1.56,0.98,0.98,85.0,0.99,True,True,True,0
2023-11-21,1.56,0.98,1.56,0.99,0.99,85.0,0.99,True,True,True,0
2023-11-22,1.56,0.98,1.56,0.99,0.99,85.0,0.99,True,True,True,0
2023-11-23,1.56,0.98,1.56,0.99,0.99,85.0,0.99,True,True,True,0
2023-11-24,1.56,0.98,1.56,0.99,0.99,85.0,0.99,True,True,True,0
2023-11-27,1.09,0.98,1.09,0.99,0.99,85.0,0.99,True,True,True,0
2023-11-28,1.09,0.98,1.09,0.99,0.99,85.0,0.99,True,True,True,0
2023-11-29,1.09,0.98,1.09,0.99,0.99,85.0,0.99,True,True,True,0
2023-11-30,1.09,0.98,1.09,0.98,0.98,85.0,0.99,True,True,True,0
2023-12-01,1.09,0.98,1.09,0.98,0.98,85.0,0.98,True,True,True,0
2023-12-04,1.09,0.98,1.09,0.98,0.98,85.0,0.98,True,True,True,0
2023-12-05,1.08,0.98,1.08,0.99,0.99,85.0,0.99,True,True,True,0
2023-12-06,1.56,0.98,1.56,0.99,0.99,85.0,0.99,True,True,True,0
2023-12-07,1.56,0.98,1.56,0.99,0.99,85.0,0.99,True,True,True,0
2023-12-08,1.56,0.98,1.56,0.99,0.99,85.0,0.99,True,True,True,0
2023-12-11,1.03,0.98,1.03,0.98,0.98,85.0,0.99,True,True,True,0
2023-12-12,1.65,0.98,1.65,0.98,0.98,85.0,0.99,True,True,True,0
2023-12-13,1.65,0.98,1.65,0.99,0.99,85.0,0.99,True,True,True,0
2023-12-14,1.65,0.98,1.65,0.99,0.99,85.0,0.99,True,True,True,0
2023-12-15,1.08,0.98,1.08,0.99,0.99,85.0,0.99,True,True,True,0
2023-12-18,1.08,0.91,1.08,0.99,0.99,85.0,0.99,True,True,True,0
2023-12-19,1.08,0.6,1.08,0.99,0.99,85.0,0.99,True,True,True,0
2023-12-20,1.08,0.6,1.08,0.99,0.99,85.0,0.99,True,True,True,0
2023-12-21,1.08,0.67,1.08,0.99,0.99,85.0,0.99,True,True,True,0
2023-12-22,1.74,1.03,1.74,0.99,0.99,85.0,0.99,True,True,True,0
2023-12-27,1.74,1.03,1.74,0.99,0.99,85.0,0.99,True,True,True,0
2023-12-28,1.07,0.67,1.07,0.99,0.99,85.0,0.99,True,True,True,0
2023-12-29,1.08,0.6,1.08,0.99,0.99,85.0,0.99,True,True,True,0
2024-01-02,1.08,0.6,1.08,0.99,0.99,85.0,0.99,True,True,True,0
2024-01-03,1.08,0.67,1.08,0.99,0.99,85.0,0.99,True,True,True,0
2024-01-04,1.39,0.67,1.39,0.99,0.99,85.0,0.99,True,True,True,0
2024-01-05,1.39,0.6,1.39,0.99,0.99,85.0,0.99,True,True,True,0
2024-01-08,1.39,0.6,1.39,0.99,0.99,85.0,0.99,True,True,True,0
2024-01-09,1.39,0.6,1.39,0.99,0.99,85.0,0.99,True,True,True,0
2024-01-10,1.39,0.6,1.39,0.99,0.99,85.0,0.99,True,True,True,0
2024-01-11,1.39,0.6,1.39,0.99,0.99,85.0,0.99,True,True,True,0
2024-01-12,1.39,0.6,1.39,0.99,0.99,85.0,0.99,True,True,True,0
2024-01-15,1.39,0.6,1.39,0.99,0.99,85.0,0.99,True,True,True,0
2024-01-16,1.39,0.6,1.39,0.99,0.99,85.0,0.99,True,True,True,0
2024-01-17,1.39,0.6,1.39,0.99,0.99,85.0,0.99,True,True,True,0
2024-01-18,0.6,0.3,0.6,0.95,0.99,85.0,0.99,True,True,True,0
2024-01-19,1.39,0.6,1.39,0.99,0.99,85.0,0.99,True,True,True,0
2024-01-22,1.39,0.6,1.39,0.99,0.99,85.0,0.99,True,True,True,0
2024-01-23,1.39,0.6,1.39,0.99,0.99,85.0,0.99,True,True,True,0
2024-01-24,1.39,0.6,1.39,0.99,0.99,85.0,0.99,True,True,True,0
2024-01-25,0.86,0.6,0.86,0.99,0.99,85.0,0.99,True,True,True,0
2024-01-26,0.86,0.6,0.86,0.99,0.99,85.0,0.99,True,True,True,0
2024-01-29,0.6,0.3,0.6,0.99,0.99,85.0,0.99,True,True,True,0
2024-01-30,0.6,0.3,0.6,0.99,0.99,85.0,0.99,True,True,True,0
2024-01-31,0.86,0.6,0.86,0.99,0.99,85.0,0.99,True,True,True,0
2024-02-01,0.86,0.6,0.86,0.99,0.99,85.0,0.99,True,True,True,0
2024-02-02,0.86,0.6,0.86,0.99,0.99,85.0,0.99,True,True,True,0
2024-02-05,0.86,0.6,0.86,0.99,0.99,85.0,0.99,True,True,True,0
2024-02-06,0.86,0.6,0.86,0.99,0.99,85.0,0.99,True,True,True,0
2024-02-07,1.39,0.6,1.39,0.99,0.99,85.0,0.99,True,True,True,0
2024-02-08,0.86,0.6,0.86,0.99,0.99,85.0,0.99,True,True,True,0
2024-02-09,0.86,0.6,0.86,0.99,0.99,85.0,0.99,True,True,True,0
2024-02-12,0.86,0.6,0.86,0.99,0.99,85.0,0.99,True,True,True,0
2024-02-13,0.86,0.6,0.86,0.99,0.99,85.0,0.99,True,True,True,0
2024-02-14,0.86,0.6,0.86,0.99,0.99,85.0,0.99,True,True,True,0
2024-02-15,0.85,0.6,0.85,0.99,0.99,85.0,0.99,True,True,True,0
2024-02-16,0.85,0.6,0.85,0.99,0.99,85.0,0.99,True,True,True,0
2024-02-19,0.86,0.6,0.86,0.99,0.99,85.0,0.99,True,True,True,0
2024-02-20,0.85,0.6,0.85,0.99,0.99,85.0,0.99,True,True,True,0
2024-02-21,0.85,0.66,0.85,0.99,0.99,85.0,0.99,True,True,True,0
2024-02-22,0.85,0.66,0.85,0.99,0.99,85.0,0.99,True,True,True,0
2024-02-23,0.85,0.66,0.85,0.99,0.99,85.0,0.99,True,True,True,0
2024-02-26,0.85,0.66,0.85,0.99,0.99,85.0,0.99,True,True,True,0
2024-02-27,0.85,0.66,0.85,0.05,0.15,80.0,0.9,True,True,True,0
2024-02-28,0.85,0.6,0.85,0.99,0.99,85.0,0.99,True,True,True,0
2024-02-29,0.85,0.6,0.85,0.99,0.99,85.0,0.99,True,True,True,0
2024-03-01,0.85,0.6,0.85,0.99,0.99,85.0,0.99,True,True,True,0
2024-03-04,0.86,0.66,0.86,0.92,0.99,85.0,0.95,True,True,True,0
2024-03-05,0.86,0.49,0.86,0.92,0.99,85.0,0.95,True,True,True,0
2024-03-06,0.86,0.49,0.86,0.92,0.99,85.0,0.95,True,True,True,0
2024-03-07,0.86,0.49,0.86,0.99,0.99,95.0,0.99,True,True,True,0
2024-03-08,0.86,0.49,0.86,0.99,0.99,95.0,0.99,True,True,True,0
2024-03-11,0.86,0.49,0.86,0.99,0.99,95.0,0.99,True,True,True,0
2024-03-12,0.86,0.49,0.86,0.99,0.99,95.0,0.99,True,True,True,0
2024-03-13,0.85,0.49,0.85,0.99,0.99,95.0,0.99,True,True,True,0
2024-03-14,0.85,0.49,0.85,0.99,0.99,95.0,0.99,True,True,True,0
2024-03-15,0.85,0.49,0.85,0.92,0.99,85.0,0.95,True,True,True,0
2024-03-18,0.66,0.4,0.66,0.92,0.99,85.0,0.95,True,True,True,0
2024-03-19,0.66,0.4,0.66,0.92,0.99,85.0,0.95,True,True,True,0
2024-03-20,0.66,0.4,0.66,0.92,0.99,85.0,0.95,True,True,True,0
2024-03-21,0.66,0.38,0.66,0.99,0.99,85.0,0.99,True,True,True,0
2024-03-22,0.66,0.4,0.66,0.92,0.99,85.0,0.95,True,True,True,0
2024-03-25,0.66,0.4,0.66,0.92,0.99,85.0,0.95,True,True,True,0
2024-03-26,0.66,0.4,0.66,0.92,0.99,85.0,0.95,True,True,True,0
2024-03-27,0.66,0.4,0.66,0.92,0.99,85.0,0.95,True,True,True,0
2024-03-28,0.66,0.4,0.66,0.92,0.99,85.0,0.95,True,True,True,0
2024-04-02,0.4,0.3,0.4,0.95,0.99,85.0,0.99,True,True,True,0
2024-04-03,0.66,0.38,0.66,0.99,0.99,85.0,0.99,True,True,True,0
2024-04-04,0.92,0.66,0.92,0.92,0.92,85.0,0.99,True,True,True,0
2024-04-05,0.92,0.66,0.92,0.92,0.92,85.0,0.99,True,True,True,0
2024-04-08,1.14,0.66,1.14,0.99,0.99,85.0,0.99,True,True,True,0
2024-04-09,0.66,0.38,0.66,0.99,0.99,85.0,0.99,True,True,True,0
2024-04-10,1.33,0.92,1.33,0.05,0.01,85.0,0.95,True,True,True,0
2024-04-11,1.33,0.85,1.33,0.99,0.99,85.0,0.99,True,True,True,0
2024-04-12,1.33,0.92,1.33,0.05,0.01,85.0,0.95,True,True,True,0
2024-04-15,0.79,0.38,0.79,0.99,0.99,85.0,0.99,True,True,True,0
2024-04-16,0.79,0.38,0.79,0.99,0.99,95.0,0.99,True,True,True,0
2024-04-17,0.79,0.38,0.79,0.99,0.99,85.0,0.99,True,True,True,0
2024-04-18,0.79,0.38,0.79,0.99,0.99,85.0,0.99,True,True,True,0
2024-04-19,0.79,0.38,0.79,0.99,0.99,85.0,0.99,True,True,True,0
2024-04-22,0.79,0.4,0.79,0.92,0.99,85.0,0.95,True,True,True,0
2024-04-23,0.79,0.4,0.79,0.99,0.99,85.0,0.99,True,True,True,0
2024-04-24,0.79,0.66,0.79,0.99,0.99,85.0,0.99,True,True,True,0
2024-04-25,0.79,0.66,0.79,0.99,0.99,85.0,0.99,True,True,True,0
2024-04-26,1.33,0.95,1.33,0.99,0.99,85.0,0.99,True,True,True,0
2024-04-29,1.33,0.95,1.33,0.99,0.99,85.0,0.99,True,True,True,0
2024-04-30,0.95,0.66,0.95,0.95,0.95,85.0,0.95,True,True,True,0
2024-05-02,1.33,0.95,1.33,0.95,0.95,85.0,0.95,True,True,True,0
2024-05-03,1.33,0.95,1.33,0.05,0.01,85.0,0.95,True,True,True,0
2024-05-06,1.33,0.95,1.33,0.95,0.95,85.0,0.95,True,True,True,0
2024-05-07,0.95,0.38,0.95,0.95,0.95,85.0,0.95,True,True,True,0
2024-05-08,1.33,0.95,1.33,0.99,0.99,85.0,0.99,True,True,True,0
2024-05-09,1.33,0.95,1.33,0.95,0.95,85.0,0.95,True,True,True,0
2024-05-10,1.33,0.95,1.33,0.95,0.95,85.0,0.95,True,True,True,0
2024-05-13,0.95,0.67,0.95,0.95,0.99,85.0,0.99,True,True,True,0
2024-05-14,0.95,0.67,0.95,0.95,0.99,85.0,0.99,True,True,True,0
2024-05-15,0.79,0.38,0.79,0.95,0.99,85.0,0.99,True,True,True,0
2024-05-16,1.33,0.95,1.33,0.95,0.95,85.0,0.95,True,True,True,0
2024-05-17,0.79,0.38,0.79,0.99,0.99,85.0,0.99,True,True,True,0
2024-05-20,0.79,0.38,0.79,0.99,0.99,85.0,0.99,True,True,True,0
2024-05-21,0.79,0.38,0.79,0.99,0.99,85.0,0.99,True,True,True,0
2024-05-22,0.79,0.38,0.79,0.99,0.99,85.0,0.99,True,True,True,0
2024-05-23,0.79,0.38,0.79,0.99,0.99,85.0,0.99,True,True,True,0
2024-05-24,0.79,0.38,0.79,0.99,0.99,85.0,0.99,True,True,True,0
2024-05-27,0.79,0.38,0.79,0.99,0.99,85.0,0.99,True,True,True,0
2024-05-28,1.45,0.95,1.45,0.11,0.06,85.0,0.95,True,True,True,0
2024-05-29,0.79,0.38,0.79,0.95,0.99,85.0,0.99,True,True,True,0
2024-05-30,1.33,0.95,1.33,0.95,0.95,85.0,0.95,True,True,True,0
2024-05-31,1.33,0.95,1.33,0.95,0.95,85.0,0.95,True,True,True,0
2024-06-03,0.69,0.38,0.69,0.99,0.99,85.0,0.99,True,True,True,0
2024-06-04,1.33,0.95,1.33,0.95,0.95,85.0,0.95,True,True,True,0
2024-06-05,1.33,0.95,1.33,0.95,0.95,85.0,0.95,True,True,True,0
2024-06-06,1.33,0.95,1.33,0.95,0.95,85.0,0.95,True,True,True,0
2024-06-07,0.25,0.18,0.25,0.95,0.99,85.0,0.9,True,True,True,0
2024-06-10,0.95,0.79,0.95,0.95,0.95,85.0,0.99,True,True,True,0
2024-06-11,0.95,0.79,0.95,0.95,0.95,85.0,0.95,True,True,True,0
2024-06-12,0.95,0.68,0.95,0.95,0.95,85.0,0.95,True,True,True,0
2024-06-13,0.68,0.52,0.68,0.99,0.99,85.0,0.99,True,True,True,0
2024-06-14,1.98,1.1,1.98,0.99,0.99,85.0,0.99,True,True,True,0
2024-06-17,1.98,1.45,1.98,0.99,0.99,85.0,0.99,True,True,True,0
2024-06-18,1.98,1.45,1.98,0.99,0.99,95.0,0.99,True,True,True,0
2024-06-19,1.98,1.45,1.98,0.99,0.99,85.0,0.99,True,True,True,0
2024-06-20,1.98,1.45,1.98,0.01,0.05,85.0,0.95,True,True,True,0
2024-06-21,1.98,1.45,1.98,0.01,0.05,85.0,0.95,True,True,True,0
2024-06-24,1.98,1.45,1.98,0.01,0.05,85.0,0.95,True,True,True,0
2024-06-25,1.98,1.33,1.98,0.99,0.99,95.0,0.99,True,True,True,0
2024-06-26,1.98,1.45,1.98,0.01,0.05,85.0,0.95,True,True,True,0
2024-06-27,1.98,1.45,1.98,0.01,0.05,85.0,0.95,True,True,True,0
2024-06-28,1.98,1.45,1.98,0.01,0.05,85.0,0.95,True,True,True,0
2024-07-01,1.98,1.45,1.98,0.01,0.05,85.0,0.95,True,True,True,0
2024-07-02,1.98,1.45,1.98,0.05,0.01,85.0,0.95,True,True,True,0
2024-07-03,1.98,1.45,1.98,0.99,0.99,95.0,0.99,True,True,True,0
2024-07-04,1.98,1.45,1.98,0.99,0.99,95.0,0.99,True,True,True,0
2024-07-05,1.98,1.45,1.98,0.99,0.99,95.0,0.99,True,True,True,0
2024-07-08,1.45,0.95,1.45,0.95,0.95,85.0,0.95,True,True,True,0
2024-07-09,1.98,0.68,1.98,0.01,0.05,85.0,0.95,True,True,True,0
2024-07-10,1.98,1.45,1.98,0.99,0.99,95.0,0.99,True,True,True,0
2024-07-11,1.98,0.68,1.98,0.99,0.99,85.0,0.99,True,True,True,0
2024-07-12,1.98,1.45,1.98,0.05,0.01,85.0,0.95,True,True,True,0
2024-07-15,1.98,1.45,1.98,0.05,0.01,85.0,0.95,True,True,True,0
2024-07-16,1.98,1.45,1.98,0.05,0.01,85.0,0.95,True,True,True,0
2024-07-17,1.98,1.45,1.98,0.05,0.01,85.0,0.95,True,True,True,0
2024-07-18,1.98,1.45,1.98,0.05,0.01,85.0,0.95,True,True,True,0
2024-07-19,1.98,1.45,1.98,0.05,0.01,85.0,0.95,True,True,True,0
2024-07-22,1.98,1.45,1.98,0.05,0.01,85.0,0.95,True,True,True,0
2024-07-23,1.98,1.45,1.98,0.05,0.01,85.0,0.95,True,True,True,0
2024-07-24,1.98,1.45,1.98,0.05,0.01,85.0,0.95,True,True,True,0
2024-07-25,1.98,1.45,1.98,0.05,0.01,85.0,0.95,True,True,True,0
2024-07-26,1.98,1.45,1.98,0.05,0.01,85.0,0.95,True,True,True,0
2024-07-29,1.98,1.45,1.98,0.05,0.01,85.0,0.95,True,True,True,0
2024-07-30,1.98,1.45,1.98,0.05,0.01,85.0,0.95,True,True,True,0
2024-07-31,1.29,0.68,1.29,0.99,0.99,85.0,0.99,True,True,True,0
2024-08-01,0.84,0.69,0.84,0.99,0.99,85.0,0.99,True,True,True,0
2024-08-02,1.29,0.68,1.29,0.99,0.99,85.0,0.99,True,True,True,0
2024-08-05,1.29,0.68,1.29,0.99,0.99,85.0,0.99,True,True,True,0
2024-08-06,1.84,1.45,1.84,0.05,0.01,85.0,0.95,True,True,True,0
2024-08-07,1.84,1.45,1.84,0.05,0.01,85.0,0.95,True,True,True,0
2024-08-08,1.84,1.45,1.84,0.05,0.01,85.0,0.95,True,True,True,0
2024-08-09,1.84,1.45,1.84,0.05,0.01,85.0,0.95,True,True,True,0
2024-08-12,1.84,1.45,1.84,0.05,0.01,85.0,0.95,True,True,True,0
2024-08-13,1.84,1.45,1.84,0.05,0.01,85.0,0.95,True,True,True,0
2024-08-14,1.84,1.45,1.84,0.05,0.01,85.0,0.95,True,True,True,0
2024-08-15,1.84,1.45,1.84,0.05,0.01,85.0,0.95,True,True,True,0
2024-08-16,1.84,1.45,1.84,0.05,0.02,85.0,0.95,True,True,True,0
2024-08-19,1.84,1.45,1.84,0.05,0.02,85.0,0.95,True,True,True,0
2024-08-20,1.84,1.45,1.84,0.05,0.02,85.0,0.95,True,True,True,0
2024-08-21,1.84,1.45,1.84,0.05,0.02,85.0,0.95,True,True,True,0
2024-08-22,1.84,1.45,1.84,0.02,0.01,85.0,0.95,True,True,True,0
2024-08-23,1.84,1.45,1.84,0.02,0.01,85.0,0.95,True,True,True,0
2024-08-26,1.84,1.09,1.84,0.99,0.99,85.0,0.99,True,True,True,0
2024-08-27,1.84,1.45,1.84,0.02,0.01,85.0,0.95,True,True,True,0
2024-08-28,1.84,1.45,1.84,0.05,0.02,85.0,0.95,True,True,True,0
2024-08-29,1.84,1.45,1.84,0.05,0.02,85.0,0.95,True,True,True,0
2024-08-30,1.84,1.45,1.84,0.05,0.02,85.0,0.95,True,True,True,0
2024-09-02,1.84,1.45,1.84,0.92,0.99,85.0,0.95,True,True,True,0
2024-09-03,1.84,1.45,1.84,0.92,0.99,85.0,0.95,True,True,True,0
2024-09-04,1.84,1.45,1.84,0.92,0.99,85.0,0.95,True,True,True,0
2024-09-05,2.36,1.84,2.36,0.98,0.99,85.0,0.99,True,True,True,0
2024-09-06,1.84,0.84,1.84,0.92,0.99,85.0,0.95,True,True,True,0
2024-09-09,1.84,0.83,1.84,0.99,0.99,85.0,0.99,True,True,True,0
2024-09-10,1.84,0.83,1.84,0.98,0.99,85.0,0.99,True,True,True,0
2024-09-11,1.84,0.83,1.84,0.99,0.99,85.0,0.99,True,True,True,0
2024-09-12,1.84,0.98,1.84,0.99,0.99,85.0,0.99,True,True,True,0
2024-09-13,1.84,0.98,1.84,0.99,0.99,85.0,0.99,True,True,True,0
2024-09-16,1.84,0.98,1.84,0.99,0.99,85.0,0.99,True,True,True,0
2024-09-17,1.84,0.98,1.84,0.99,0.99,85.0,0.99,True,True,True,0
2024-09-18,1.84,0.98,1.84,0.99,0.99,85.0,0.99,True,True,True,0
2024-09-19,1.49,0.83,1.49,0.99,0.99,85.0,0.99,True,True,True,0
2024-09-20,1.49,0.83,1.49,0.98,0.99,85.0,0.99,True,True,True,0
2024-09-23,1.49,0.83,1.49,0.98,0.99,85.0,0.99,True,True,True,0
2024-09-24,2.36,1.84,2.36,0.98,0.99,85.0,0.99,True,True,True,0
2024-09-25,1.49,0.83,1.49,0.98,0.99,85.0,0.99,True,True,True,0
2024-09-26,1.49,0.83,1.49,0.98,0.99,85.0,0.99,True,True,True,0
2024-09-27,1.49,0.83,1.49,0.98,0.99,85.0,0.99,True,True,True,0
2024-09-30,1.49,0.83,1.49,0.98,0.99,85.0,0.99,True,True,True,0
2024-10-01,1.49,0.83,1.49,0.98,0.99,85.0,0.99,True,True,True,0
2024-10-02,1.49,0.83,1.49,0.98,0.99,85.0,0.99,True,True,True,0
2024-10-03,1.49,0.83,1.49,0.98,0.99,85.0,0.99,True,True,True,0
2024-10-04,1.49,0.98,1.49,0.98,0.98,85.0,0.98,True,True,True,0
2024-10-07,1.49,0.98,1.49,0.99,0.99,85.0,0.99,True,True,True,0
2024-10-08,1.49,0.98,1.49,0.98,0.98,85.0,0.98,True,True,True,0
2024-10-09,1.49,0.98,1.49,0.98,0.98,85.0,0.98,True,True,True,0
2024-10-10,1.49,0.98,1.49,0.98,0.98,85.0,0.99,True,True,True,0
2024-10-11,1.49,0.98,1.49,0.98,0.98,85.0,0.99,True,True,True,0
2024-10-14,1.49,0.98,1.49,0.99,0.99,85.0,0.99,True,True,True,0
2024-10-15,1.49,0.98,1.49,0.99,0.99,85.0,0.99,True,True,True,0
2024-10-16,1.49,0.98,1.49,0.98,0.98,85.0,0.98,True,True,True,0
2024-10-17,1.49,0.98,1.49,0.99,0.99,85.0,0.99,True,True,True,0
2024-10-18,1.49,0.98,1.49,0.99,0.99,85.0,0.99,True,True,True,0
2024-10-21,1.49,0.98,1.49,0.99,0.99,85.0,0.99,True,True,True,0
2024-10-22,1.49,0.98,1.49,0.99,0.99,85.0,0.99,True,True,True,0
2024-10-23,1.49,0.83,1.49,0.97,0.99,85.0,0.99,True,True,True,0
2024-10-24,1.49,0.83,1.49,0.99,0.99,85.0,0.99,True,True,True,0
2024-10-25,1.49,0.83,1.49,0.99,0.99,85.0,0.99,True,True,True,0
2024-10-28,1.49,0.98,1.49,0.99,0.99,85.0,0.99,True,True,True,0
2024-10-29,1.49,0.98,1.49,0.99,0.99,85.0,0.99,True,True,True,0
2024-10-30,1.49,0.98,1.49,0.99,0.99,95.0,0.99,True,True,True,0
2024-10-31,1.0,0.78,1.0,0.02,0.01,85.0,0.95,True,True,True,0
2024-11-01,1.14,0.94,1.14,0.99,0.99,85.0,0.99,True,True,True,0
2024-11-04,1.14,0.94,1.14,0.99,0.99,85.0,0.99,True,True,True,0
2024-11-05,1.49,0.98,1.49,0.99,0.99,85.0,0.99,True,True,True,0
2024-11-06,1.14,0.94,1.14,0.99,0.99,85.0,0.99,True,True,True,0
2024-11-07,1.14,0.94,1.14,0.99,0.99,95.0,0.99,True,True,True,0
2024-11-08,1.14,0.94,1.14,0.99,0.99,85.0,0.99,True,True,True,0
2024-11-11,1.14,0.94,1.14,0.05,0.01,85.0,0.95,True,True,True,0
2024-11-12,1.14,0.94,1.14,0.99,0.99,85.0,0.99,True,True,True,0
2024-11-13,1.14,0.94,1.14,0.05,0.01,85.0,0.95,True,True,True,0
2024-11-14,1.14,0.78,1.14,0.99,0.99,85.0,0.99,True,True,True,0
2024-11-15,1.14,0.78,1.14,0.99,0.99,85.0,0.99,True,True,True,0
2024-11-18,1.14,0.94,1.14,0.05,0.01,85.0,0.95,True,True,True,0
2024-11-19,1.14,0.94,1.14,0.05,0.01,85.0,0.95,True,True,True,0
2024-11-20,1.14,0.78,1.14,0.94,0.99,85.0,0.99,True,True,True,0
2024-11-21,1.14,0.78,1.14,0.94,0.99,85.0,0.99,True,True,True,0
2024-11-22,1.14,0.76,1.14,0.05,0.01,85.0,0.95,True,True,True,0
2024-11-25,1.14,0.94,1.14,0.05,0.01,85.0,0.95,True,True,True,0
2024-11-26,1.14,0.76,1.14,0.05,0.01,85.0,0.95,True,True,True,0
2024-11-27,1.14,0.76,1.14,0.05,0.01,85.0,0.95,True,True,True,0
2024-11-28,1.14,0.76,1.14,0.05,0.01,85.0,0.95,True,True,True,0
2024-11-29,1.14,0.76,1.14,0.05,0.01,85.0,0.95,True,True,True,0
2024-12-02,1.14,0.76,1.14,0.05,0.01,85.0,0.95,True,True,True,0
2024-12-03,1.14,0.76,1.14,0.05,0.01,85.0,0.95,True,True,True,0
2024-12-04,1.14,0.76,1.14,0.05,0.01,85.0,0.95,True,True,True,0
2024-12-05,1.14,0.76,1.14,0.05,0.01,85.0,0.95,True,True,True,0
2024-12-06,1.13,0.76,1.13,0.05,0.01,85.0,0.95,True,True,True,0
2024-12-09,1.13,0.76,1.13,0.05,0.01,85.0,0.95,True,True,True,0
2024-12-10,1.13,0.76,1.13,0.05,0.01,85.0,0.95,True,True,True,0
2024-12-11,1.13,0.76,1.13,0.05,0.01,85.0,0.95,True,True,True,0
2024-12-12,1.13,0.76,1.13,0.05,0.01,85.0,0.95,True,True,True,0
2024-12-13,1.13,0.76,1.13,0.05,0.01,85.0,0.95,True,True,True,0
2024-12-16,1.13,0.76,1.13,0.05,0.01,85.0,0.95,True,True,True,0
2024-12-17,1.13,0.76,1.13,0.05,0.01,85.0,0.95,True,True,True,0
2024-12-18,1.13,0.76,1.13,0.05,0.01,85.0,0.95,True,True,True,0
2024-12-19,1.13,0.76,1.13,0.05,0.01,85.0,0.95,True,True,True,0
2024-12-20,1.36,0.94,1.36,0.05,0.01,85.0,0.95,True,True,True,0
2024-12-23,1.36,0.94,1.36,0.05,0.02,85.0,0.95,True,True,True,0
2024-12-27,1.36,0.94,1.36,0.05,0.02,85.0,0.95,True,True,True,0
2024-12-30,1.36,0.94,1.36,0.05,0.01,85.0,0.95,True,True,True,0
