date,level,var,es
2022-12-20,0.01,2.8686504169521285,3.375514064342395
2022-12-21,0.01,4.327975257715879,5.001237155959957
2022-12-22,0.01,2.8411782951767997,3.2617019072305795
2022-12-23,0.01,2.493204171228742,2.8291576546771076
2022-12-26,0.01,2.25206077142114,2.5485540361754357
2022-12-27,0.01,2.097352171128488,2.3445738369585087
2022-12-28,0.01,2.254309961488809,2.8249449814984784
2022-12-29,0.01,2.6440226448049264,3.283493247622515
2022-12-30,0.01,2.508852487763974,3.3325155877792016
2023-01-04,0.01,2.515871266964139,2.9047509185201927
2023-01-05,0.01,2.689152000217917,3.5179138672107726
2023-01-06,0.01,3.099254452276732,3.775547514748831
2023-01-10,0.01,2.879679874325855,3.5097008712825755
2023-01-11,0.01,2.044754442200252,2.424212037134363
2023-01-12,0.01,2.277943274067668,2.5078620294472236
2023-01-13,0.01,2.293075493476365,2.6244548781261083
2023-01-16,0.01,3.4485974043582357,3.770021542336155
2023-01-17,0.01,3.1275107621354983,3.629925569046195
2023-01-18,0.01,3.5331885708289947,4.250156733277481
2023-01-19,0.01,2.7973817401051537,3.385264809471469
2023-01-20,0.01,2.936171198379955,3.830375810071213
2023-01-23,0.01,3.497163581622294,3.88216285106321
2023-01-24,0.01,3.227608850594594,3.680536441889953
2023-01-25,0.01,3.112254416975908,3.4760310981322244
2023-01-26,0.01,2.686027429619128,3.023605717682956
2023-01-27,0.01,3.335875608659264,3.5837658651092528
2023-01-30,0.01,2.629435164116671,3.0604597347086115
2023-01-31,0.01,2.0422999197062883,2.2988206400479636
2023-02-01,0.01,3.1879975757636214,3.7658130192499657
2023-02-02,0.01,3.2555043937715293,3.913409038066164
2023-02-03,0.01,1.9147207181108568,2.399725703912986
2023-02-06,0.01,2.3063398814255285,2.4979125383892993
2023-02-07,0.01,2.2114641047945267,2.683373673381577
2023-02-08,0.01,2.1789455988422,2.405500889113583
2023-02-09,0.01,1.8900249689031836,2.1606193352043483
2023-02-10,0.01,2.566676410966052,2.8346783927192813
2023-02-13,0.01,2.118518145261916,2.4698218937293057
2023-02-14,0.01,1.9994781392339704,2.6488218236988796
2023-02-15,0.01,1.880589212487359,2.3045824104141928
2023-02-16,0.01,2.281464444237606,2.708684231906612
2023-02-17,0.01,2.233021411801226,2.5118069087709745
2023-02-20,0.01,2.336456971359547,2.8498399730794715
2023-02-21,0.01,2.409744603369,2.6656692620550664
2023-02-22,0.01,2.2039041527992183,2.7289321627808247
2023-02-24,0.01,3.179086566017455,3.803118359288842
2023-02-27,0.01,2.917758645268229,3.6622133893152498
2023-02-28,0.01,2.8186065181891853,3.53332055137806
2023-03-01,0.01,2.1406565669318036,2.3816622626995225
2023-03-02,0.01,2.4060935192727664,2.8000060055652805
2023-03-03,0.01,2.3498255667946015,3.055022107100878
2023-03-06,0.01,2.3906756585615083,3.404012851704161
2023-03-07,0.01,1.9915503289307568,2.2443163825272303
2023-03-08,0.01,2.2424852206876986,2.3978460813127307
2023-03-09,0.01,1.9797559819744064,2.291462568212585
2023-03-10,0.01,2.6071112745174254,3.2371478368430777
2023-03-13,0.01,3.1507919750026416,3.5013819529916117
2023-03-14,0.01,2.8009026800262995,3.3681326998648986
2023-03-15,0.01,3.673799584621788,4.540272803461556
2023-03-16,0.01,2.9388232489029087,3.6012562930887424
2023-03-17,0.01,2.9278206080805065,3.6642945520415218
2023-03-20,0.01,2.582071831208124,3.0763332712001965
2023-03-22,0.01,1.9461083897331803,2.316245558693095
2023-03-23,0.01,2.343431009083566,2.662522697862141
2023-03-24,0.01,2.192261052131463,2.632482912310937
2023-03-27,0.01,2.08680299488915,2.243545051905022
2023-03-28,0.01,2.4385863947844753,2.8043605180919142
2023-03-29,0.01,2.607527003614971,3.001321399502651
2023-03-30,0.01,2.4244259206042504,2.906477392998591
2023-03-31,0.01,2.078778430941711,2.4207345223220234
2023-04-03,0.01,2.2624971569131858,2.345726313067255
2023-04-04,0.01,2.0510053496246177,2.2453264736649015
2023-04-05,0.01,2.410397958694138,2.7211191501597582
2023-04-06,0.01,2.2247507549631904,2.911250819634789
2023-04-07,0.01,3.2841724781849297,3.756842788208949
2023-04-10,0.01,1.9329836626214871,2.2387352875003765
2023-04-11,0.01,2.359053446164726,2.6573853593810237
2023-04-12,0.01,1.1624392225463942,1.30421692346244
2023-04-13,0.01,1.738088335805165,1.8870417361046936
2023-04-14,0.01,1.2716004668909116,1.46460538723682
2023-04-17,0.01,1.735571320552865,1.9164252363626155
2023-04-18,0.01,1.81909501417766,2.0775232439621014
2023-04-19,0.01,2.3318546241635505,2.8134400752547655
2023-04-20,0.01,2.1591518406007646,2.5185190676029867
2023-04-21,0.01,2.347537378852978,2.5399268866023763
2023-04-24,0.01,2.030394141523409,2.2581254230723986
2023-04-25,0.01,2.13645489310901,2.5822693908014287
2023-04-26,0.01,2.2319125059887175,2.6558590497375505
2023-04-27,0.01,2.2505101120753643,2.2825972407914183
2023-04-28,0.01,2.3973280699269086,2.6250406809078446
2023-05-01,0.01,2.3312035067852412,2.6656504996784167
2023-05-02,0.01,1.8142921134525671,2.0057974421280806
2023-05-08,0.01,1.9355345858445152,2.2466493277353887
2023-05-09,0.01,1.9378328163616785,2.268955895942573
2023-05-10,0.01,2.228814723206723,2.8194446467753074
2023-05-11,0.01,1.8205358257117787,2.1366848629882074
2023-05-12,0.01,1.8428825628887824,2.2226487087654743
2023-05-15,0.01,2.0273563546855353,2.3210324725090357
2023-05-16,0.01,2.128091659547998,2.4755193359886314
2023-05-17,0.01,2.1540101491044568,2.5236888353822056
2023-05-18,0.01,2.291076085482305,2.465498210136156
2023-05-19,0.01,3.1753124731537277,3.782592645607804
2023-05-22,0.01,3.244427732379219,3.9659844291921695
2023-05-23,0.01,3.4513766793586864,3.9405111644798425
2023-05-24,0.01,2.3481961364978954,3.0290161710175108
2023-05-25,0.01,2.8160719610587455,3.946796710308908
2023-05-26,0.01,2.5040823981338427,2.9520240075137227
2023-05-29,0.01,2.8646078959839616,3.3311986398849953
2023-05-30,0.01,2.5150150385233307,3.0264143295464407
2023-05-31,0.01,2.802512715378422,3.3231631843652547
2023-06-01,0.01,2.047484510027756,2.42061950680853
2023-06-02,0.01,2.8719702174809356,3.650562486686265
2023-06-05,0.01,2.7125259331274,3.170238954079957
2023-06-06,0.01,3.541012979135609,4.080801965142206
2023-06-07,0.01,3.102061233880622,4.149396824087638
2023-06-08,0.01,2.549986355270165,3.1594838675296866
2023-06-09,0.01,3.0011060716502005,3.4392236952667714
2023-06-12,0.01,2.954232575264244,3.8253894517522298
2023-06-13,0.01,2.804424453022652,4.751375828456373
2023-06-14,0.01,3.2600463080133895,4.193166662192205
2023-06-15,0.01,2.7674447620154594,3.3857072302366182
2023-06-16,0.01,2.6791603176452683,3.62069800627038
2023-06-19,0.01,2.66773493094103,4.0742481915766495
2023-06-20,0.01,2.259226670265815,3.207840798183593
2023-06-21,0.01,2.2773309645810333,2.9340436730574053
2023-06-22,0.01,1.5453213013154614,2.1117847385470285
2023-06-23,0.01,2.463385742093279,3.593129671331105
2023-06-26,0.01,2.885923250589699,3.379872194337086
2023-06-27,0.01,2.6043553499448495,3.2764241936834924
2023-06-28,0.01,3.3839406659982667,4.450671468260543
2023-06-29,0.01,2.765813789817182,3.277147466017166
2023-06-30,0.01,2.2233509171995416,2.919524885624705
2023-07-03,0.01,2.6987312783216453,4.205154867425919
2023-07-04,0.01,1.8280609965622832,2.098820151122987
2023-07-05,0.01,2.692950584248804,3.308798110816302
2023-07-06,0.01,2.4120799821859085,2.903819057010649
2023-07-07,0.01,3.238368439470513,4.090156671953792
2023-07-10,0.01,4.666217758480019,5.634300038447111
2023-07-11,0.01,4.028454980652561,4.624937271604997
2023-07-12,0.01,2.730306347103745,3.7833362259452814
2023-07-13,0.01,3.217980886910686,4.001002180938072
2023-07-14,0.01,2.6908915248263687,3.385195391560429
2023-07-18,0.01,2.588406460518901,4.034529401406093
2023-07-19,0.01,2.877005640195823,3.933376461991312
2023-07-20,0.01,2.7832693181347525,3.1943224662325775
2023-07-21,0.01,3.473278017392426,3.915722253485805
2023-07-24,0.01,2.8751616562911293,3.724651123952015
2023-07-25,0.01,2.755937030737263,3.699745021497455
2023-07-26,0.01,2.673233668061448,3.7197152894362846
2023-07-27,0.01,2.6035825367124,3.503150055706159
2023-07-28,0.01,1.9651794333049457,2.1836000069767425
2023-07-31,0.01,2.834542793628154,4.204946412802668
2023-08-01,0.01,2.761934245767763,3.6252930765687768
2023-08-02,0.01,2.369072159475169,3.274533277714881
2023-08-03,0.01,2.5891458542185384,4.463586988231862
2023-08-04,0.01,4.841865740394198,5.499398625472428
2023-08-07,0.01,3.580008053345897,4.191113960202863
2023-08-08,0.01,2.4220227105939975,3.1560634656945936
2023-08-09,0.01,2.7759897003241045,3.507834817104663
2023-08-10,0.01,3.5383698425185233,4.030347043304539
2023-08-14,0.01,2.3608272108018067,3.2233127542365176
2023-08-15,0.01,3.030363714525467,3.434620549304833
2023-08-16,0.01,2.897288661351973,3.5435044303172405
2023-08-17,0.01,2.7344750912840334,3.3749531871201044
2023-08-18,0.01,2.9427802736641513,3.692596898665831
2023-08-21,0.01,2.365248460711063,2.8478871411176767
2023-08-22,0.01,2.7052815807999946,3.1377697629036607
2023-08-23,0.01,2.9207688128913745,3.5005951510736346
2023-08-24,0.01,2.700844049042108,2.9883753337294277
2023-08-25,0.01,2.2051276849861257,2.608190216901717
2023-08-28,0.01,2.7712235467807456,3.492468121384614
2023-08-29,0.01,2.446428021155907,2.925539123794418
2023-08-30,0.01,2.5914079178214315,3.6041044741017823
2023-08-31,0.01,2.229903025067054,2.5039453874520374
2023-09-01,0.01,2.4177090898789397,3.0136932854107776
2023-09-04,0.01,2.0117732546492717,2.317225180878813
2023-09-05,0.01,2.024408148467282,2.567728682512498
2023-09-06,0.01,1.6396408604963946,2.375889031803809
2023-09-07,0.01,2.2181216571780893,2.7466714357930817
2023-09-08,0.01,2.0709393648624466,2.4185493773773263
2023-09-11,0.01,2.1657419268809504,2.579028483029268
2023-09-12,0.01,2.363847579104913,3.164517406795352
2023-09-13,0.01,2.621464578085884,3.2313132414949672
2023-09-14,0.01,1.724199285444301,2.167408608693155
2023-09-15,0.01,1.7965672557831682,2.2798647327834876
2023-09-19,0.01,1.5751982938867024,1.9735543302632104
2023-09-20,0.01,1.940253122521067,2.9603996357485594
2023-09-21,0.01,1.883607954302674,2.4873378187777497
2023-09-22,0.01,2.4195388692876034,2.798610324875404
2023-09-25,0.01,2.5269720337820307,3.0780541658843332
2023-09-26,0.01,2.681880672084757,3.168134746497039
2023-09-27,0.01,2.856205619371418,3.4316433418352195
2023-09-28,0.01,1.6823966400605903,3.00549547606076
2023-09-29,0.01,3.4370152101033926,3.943800759177027
2023-10-02,0.01,2.6844847768774853,3.2428769545159053
2023-10-03,0.01,2.3521231963911,2.7072657939248863
2023-10-04,0.01,2.7238942587827286,3.1621474461031784
2023-10-05,0.01,2.4984438222517267,2.8372054894785745
2023-10-06,0.01,2.867268507385614,3.2329929545080778
2023-10-10,0.01,2.5981670170766966,2.9399211708639545
2023-10-11,0.01,3.6031471252476,4.202865313088555
2023-10-12,0.01,2.827252597481058,3.334901193648129
2023-10-13,0.01,2.536116848927297,2.8540530089438985
2023-10-16,0.01,3.304903215948575,4.105130306119295
2023-10-17,0.01,3.276728063370028,3.6377629367127016
2023-10-18,0.01,3.103893032466886,3.8166985165659257
2023-10-19,0.01,2.42616431383079,2.9145317569610394
2023-10-20,0.01,2.5252997190927435,2.7550604177517632
2023-10-23,0.01,2.6610320163626335,2.892480152775704
2023-10-24,0.01,2.510553616025605,2.777257087985102
2023-10-25,0.01,3.4001091819791176,3.768643183624567
2023-10-26,0.01,2.670230872072666,2.9204044095889223
2023-10-27,0.01,2.5985938461822604,2.9974910119091462
2023-10-30,0.01,2.4605529338668775,3.052675758117113
2023-10-31,0.01,3.6024933116712963,3.941906719327242
2023-11-01,0.01,2.710429037160885,3.032480588035051
2023-11-02,0.01,2.993506727692259,3.384875497303551
2023-11-06,0.01,2.704993192494732,3.440878580548911
2023-11-07,0.01,2.3514350832020634,2.702934960345275
2023-11-08,0.01,3.641953224516306,4.063038457917766
2023-11-09,0.01,3.284442712337219,3.9942338804036344
2023-11-10,0.01,2.727548652710872,3.5304041070517687
2023-11-13,0.01,2.459554459245822,2.9896444578588404
2023-11-14,0.01,2.48211799239078,2.981852102595611
2023-11-15,0.01,2.7906537311125317,3.5571296532801377
2023-11-16,0.01,2.630615355843158,2.9988878965920427
2023-11-17,0.01,1.6732386878625407,2.044291699696767
2023-11-20,0.01,2.7652457452346177,3.4055777919784713
2023-11-21,0.01,2.154574209008284,3.615930815708695
2023-11-22,0.01,2.018714795466001,2.6725775199842463
2023-11-24,0.01,2.2789596718191723,2.8481198601649145
2023-11-27,0.01,2.764169717020446,3.132988602254328
2023-11-28,0.01,2.200934184875648,2.6609219502769923
2023-11-29,0.01,2.0542506259086335,2.455847532048081
2023-11-30,0.01,1.7643473600624713,2.2867580731186106
2023-12-01,0.01,1.5920204087090035,2.7490184813357352
2023-12-04,0.01,2.032410777867787,2.5858524395636207
2023-12-05,0.01,2.05462206815924,2.588473440456533
2023-12-06,0.01,2.619820845596024,3.163208996022619
2023-12-07,0.01,2.651631396430713,3.227853433665816
2023-12-08,0.01,2.171015673682833,3.3246130163890384
2023-12-11,0.01,2.4494639234372584,2.890740405195323
2023-12-12,0.01,3.24363845118181,3.5903334800195976
2023-12-13,0.01,3.3765024153102536,4.324850576266521
2023-12-14,0.01,1.6228993370761624,1.8710024740778275
2023-12-15,0.01,2.8571671915867545,4.270441890254488
2023-12-18,0.01,2.370393307169338,2.8045496569391672
2023-12-19,0.01,2.3667517402608063,3.186253267489598
2023-12-20,0.01,2.422740171053066,2.924786116063556
2023-12-21,0.01,2.4614704500631324,2.9257586587273576
2023-12-22,0.01,2.140965683040529,3.3538545223201863
2023-12-25,0.01,2.1976922985617406,2.5062857097369236
2023-12-26,0.01,2.4268950563480054,2.5524192440612348
2023-12-27,0.01,2.556907432455948,3.1918007729431284
2023-12-28,0.01,2.3457255074992087,2.752917657507478
2023-12-29,0.01,1.8889295461804785,2.1128308292522724
2024-01-04,0.01,1.625676640466053,2.0581222335334624
2024-01-05,0.01,2.36134044505198,2.839626213044788
2024-01-09,0.01,1.939384890689038,2.138123764300822
2024-01-10,0.01,2.4026370302495135,2.9716403267100957
2024-01-11,0.01,2.431559454359533,2.6839102562282564
2024-01-12,0.01,2.25655548045159,2.8700004047389593
2024-01-15,0.01,2.4698689857420018,2.8660195331751583
2024-01-16,0.01,2.110583546941806,2.7769208673990207
2024-01-17,0.01,2.4915579571074433,3.162168229831132
2024-01-18,0.01,2.663183598183765,3.2509187523544445
2024-01-19,0.01,2.5833114290370194,2.9768935735896593
2024-01-22,0.01,2.6978316673904104,3.487604451011358
2024-01-23,0.01,3.0454847326237355,3.450102086431309
2024-01-24,0.01,2.311038065959436,2.85256458216454
2024-01-25,0.01,3.2679229162698302,3.7381211090269137
2024-01-26,0.01,2.635892385497133,3.057724153504325
2024-01-29,0.01,2.4587209915736175,2.9133519577366345
2024-01-30,0.01,2.5674350552253085,3.0094663359884417
2024-01-31,0.01,2.018798627042033,2.331965741730989
2024-02-01,0.01,1.9742011642309012,2.3586305408202195
2024-02-02,0.01,1.7706236552821917,2.083090376722545
2024-02-05,0.01,2.1283722448444378,2.7711549674505704
2024-02-06,0.01,2.014664856069145,2.317360318363198
2024-02-07,0.01,2.03945712474976,2.4234354732219527
2024-02-08,0.01,1.8814758471964463,2.2148556322476938
2024-02-09,0.01,2.060956929580255,2.465164220907916
2024-02-13,0.01,2.694477202647752,3.7414716129134074
2024-02-14,0.01,3.698766748484003,4.33174156844902
2024-02-15,0.01,2.9503775031101283,3.5230390431816705
2024-02-16,0.01,2.335371663463702,3.488464027638389
2024-02-19,0.01,2.5494442546459086,3.0766427892618875
2024-02-20,0.01,2.438331122087101,3.208517019039444
2024-02-21,0.01,1.5260235640997553,2.649174112581715
2024-02-22,0.01,2.913075179368827,4.62230933205723
2024-02-26,0.01,2.7018340914458943,3.4191709016609573
2024-02-27,0.01,2.969061523024022,3.303089218251941
2024-02-28,0.01,2.3402289049265144,2.828204007688701
2024-02-29,0.01,2.18013883417102,3.07347335198475
2024-03-01,0.01,1.9931026724631389,2.7022241425023954
2024-03-04,0.01,2.6621718117151425,3.840125587635517
2024-03-05,0.01,1.9586728517017855,2.2701024542469357
2024-03-06,0.01,2.95461213585992,3.6736119498482664
2024-03-07,0.01,2.294789843391666,2.8098358708277393
2024-03-08,0.01,2.0977941644792657,2.5782330119721095
2024-03-11,0.01,1.683389436060722,2.062571283858212
2024-03-12,0.01,2.81145090795715,4.453591406054318
2024-03-13,0.01,3.250403133113158,4.108800716048419
2024-03-14,0.01,3.496617834087016,4.20998730061477
2024-03-15,0.01,2.54777137636265,3.232651772628851
2024-03-18,0.01,2.2183447801087364,2.734528491158304
2024-03-19,0.01,2.4829700448648144,3.280016510921256
2024-03-21,0.01,2.493730067104943,2.848956543520526
2024-03-22,0.01,2.744823141372714,3.344087886997544
2024-03-25,0.01,2.2828886766109124,2.815618424371676
2024-03-26,0.01,2.691539979691105,4.294157800549453
2024-03-27,0.01,2.5638943354117414,3.3321853576605567
2024-03-28,0.01,2.258364462061282,2.674823491067218
2024-03-29,0.01,2.3678445167001785,2.8991705851059013
2024-04-01,0.01,2.2174603390651835,2.805702023019504
2024-04-02,0.01,2.978452666640341,4.088009784120606
2024-04-03,0.01,2.414359122976897,3.321696275705511
2024-04-04,0.01,3.07270666374954,4.319746064092347
2024-04-05,0.01,1.5125616908860091,1.755625459327623
2024-04-08,0.01,2.8937397737139134,3.844162739064847
2024-04-09,0.01,2.545893870882667,2.987442164799135
2024-04-10,0.01,2.3768243932394304,2.810097575264593
2024-04-11,0.01,2.3718461693726853,2.940750963954705
2024-04-12,0.01,2.5073667727223428,3.6115648192005754
2024-04-15,0.01,2.0435035334883844,3.259150986360089
2024-04-16,0.01,2.3716750441534744,3.124963955156656
2024-04-17,0.01,2.680065185730098,3.1433205141072587
2024-04-18,0.01,3.68466310982958,4.938426370501067
2024-04-19,0.01,2.709231897334236,4.229284799077659
2024-04-22,0.01,3.627162840251568,4.54983243363694
2024-04-23,0.01,3.313354866777212,3.9105851044438222
2024-04-24,0.01,2.939900396381297,3.463466528645812
2024-04-25,0.01,2.8383086109353424,3.6650481931212626
2024-04-26,0.01,3.0161011522472596,3.6357689012838352
2024-04-30,0.01,3.1512954848391983,3.685611494369927
2024-05-01,0.01,3.108020304086568,4.2079321082425984
2024-05-02,0.01,2.098740460768065,2.8127051829422474
2024-05-07,0.01,3.137865914889594,3.8972627023381694
2024-05-08,0.01,3.4163711976637057,4.186267941897079
2024-05-09,0.01,3.5197363897928526,4.28538007327352
2024-05-10,0.01,3.117624570006754,3.795350989993739
2024-05-13,0.01,2.847135463056516,3.5957024302572025
2024-05-14,0.01,3.253311187478246,3.886888641162046
2024-05-15,0.01,3.034660724248865,3.394894947764067
2024-05-16,0.01,2.434358290895682,2.910618934358371
2024-05-17,0.01,2.539834292876509,3.165348880585918
2024-05-20,0.01,2.1221378570058147,2.654870707176326
2024-05-21,0.01,2.178512111766261,2.82485919191217
2024-05-22,0.01,2.382297680971369,2.7813712049984587
2024-05-23,0.01,3.258941424511962,3.480336049152977
2024-05-24,0.01,2.63148455542601,3.3700298663920805
2024-05-27,0.01,3.1853054809661385,3.864564150403308
2024-05-28,0.01,3.164357947820274,4.254956594373322
2024-05-29,0.01,2.380837340798165,3.734415980138371
2024-05-30,0.01,2.1288446896099167,2.8630421736626905
2024-05-31,0.01,3.1840567512927462,3.937778059772777
2024-06-03,0.01,3.0143471988946273,3.5896363301131395
2024-06-04,0.01,2.2499255000242124,3.3312226269577367
2024-06-05,0.01,2.554945120483318,3.184334406324568
2024-06-06,0.01,1.584623383569627,2.097746388540246
2024-06-07,0.01,2.6639281299377973,3.962804016896231
2024-06-10,0.01,2.5348863277247164,3.440737015544428
2024-06-11,0.01,1.5642580776991193,1.808872824891381
2024-06-12,0.01,1.7277297906707074,2.259162679695725
2024-06-13,0.01,1.5852696741523282,2.0962848414918502
2024-06-14,0.01,2.3113532647357737,3.1792636245007775
2024-06-17,0.01,2.484260388863626,4.508744927277525
2024-06-18,0.01,2.391594071021106,3.0983140953860495
2024-06-19,0.01,2.692412439801289,2.9067917349866152
2024-06-20,0.01,2.2372103911645453,2.7254878255469324
2024-06-21,0.01,2.326094589544262,3.0904652113117543
2024-06-24,0.01,2.1577603021903418,2.800265022683853
2024-06-25,0.01,2.6203247195517494,3.1803336236106743
2024-06-26,0.01,1.6746806234583549,1.989978584990108
2024-06-27,0.01,2.2506942519012907,2.8501724663967583
2024-06-28,0.01,1.9494379089188816,2.7376781695663204
2024-07-01,0.01,1.8882776791901323,2.2751803875709937
2024-07-02,0.01,1.9340529513490796,2.5373695464157846
2024-07-03,0.01,2.3754441695413178,3.072421297711314
2024-07-04,0.01,2.374633721549297,2.993239030389193
2024-07-05,0.01,2.528222809041416,6.462294651475939
2024-07-08,0.01,1.865351902764174,2.355819844401123
2024-07-09,0.01,1.4656311148459014,1.7496940928336424
2024-07-10,0.01,1.605688420868349,2.0790797195905277
2024-07-11,0.01,1.556662289181399,1.9166721361415315
2024-07-12,0.01,2.395745007018357,3.172946428257296
2024-07-16,0.01,2.114352107882159,2.811439910025166
2024-07-17,0.01,1.6566541009197864,3.013952643547244
2024-07-18,0.01,2.286310585297888,3.2861990685919324
2024-07-19,0.01,2.7637047105822257,4.35108403605064
2024-07-22,0.01,3.1147488081469143,3.8869533708152626
2024-07-23,0.01,3.0782925857988737,3.8771450347017873
2024-07-24,0.01,2.376548992829352,3.0622414789493746
2024-07-25,0.01,3.015839083639702,3.947853956920209
2024-07-26,0.01,4.02573203437687,4.567757440461533
2024-07-29,0.01,3.4312360811442093,4.9571016265281305
2024-07-30,0.01,2.912034703720213,3.5876244251091
2024-07-31,0.01,2.3625714516446066,2.9055971916062013
2024-08-01,0.01,2.526661467334945,3.0937000557999665
2024-08-02,0.01,3.0611824934473506,3.681691942599639
2024-08-05,0.01,5.6553595510262085,5.951707144993536
2024-08-06,0.01,10.631225349304456,14.9338046699601
2024-08-07,0.01,6.331201582408393,8.408279646666747
2024-08-08,0.01,5.315702092220357,6.660786143067544
2024-08-09,0.01,3.8192080933481263,4.696314732296373
2024-08-13,0.01,4.324425893826921,5.663021239397068
2024-08-14,0.01,4.1933632171630615,5.247552791799291
2024-08-15,0.01,3.3593403142458143,4.182033062466239
2024-08-16,0.01,3.406279194971365,4.534238825778582
2024-08-19,0.01,3.632267184025331,4.252984400403988
2024-08-20,0.01,3.0811948411536196,3.947994121809768
2024-08-21,0.01,3.5071685428077823,4.476031378208476
2024-08-22,0.01,3.1535334305295897,3.5714366679143232
2024-08-23,0.01,3.1290071761446887,3.451598180660326
2024-08-26,0.01,2.8259944343389067,3.7091511364273906
2024-08-27,0.01,3.3806529240634853,3.981711514263756
2024-08-28,0.01,2.508330742607192,4.243883260713216
2024-08-29,0.01,3.2942945321514303,4.159214349730912
2024-08-30,0.01,2.567752766169194,3.541224092678396
2024-09-02,0.01,2.609511895673061,3.1203962600944517
2024-09-03,0.01,2.049242488902426,2.3251888862591876
2024-09-04,0.01,1.945909535736409,2.350135446775481
2024-09-05,0.01,4.73222233719721,5.850308600617128
2024-09-06,0.01,4.299637738231239,4.808828778457248
2024-09-09,0.01,4.206190601711504,5.670617716112289
2024-09-10,0.01,3.672951380474484,4.413281987518785
2024-09-11,0.01,2.7908644091245605,4.01790529763702
2024-09-12,0.01,2.608648819992778,3.3624914323978228
2024-09-13,0.01,3.1898342350892137,4.446436669934978
2024-09-17,0.01,3.131956037067708,3.456127192773501
2024-09-18,0.01,3.410626603950523,4.025829582520871
2024-09-19,0.01,2.4932209355375035,3.0102791273828062
2024-09-20,0.01,2.5456905881649727,3.40622751238768
2024-09-24,0.01,2.695286933186499,3.1899975064568884
2024-09-25,0.01,2.559970971174157,3.1239143628877777
2024-09-26,0.01,2.3174657627156887,3.0013816363143637
2024-09-27,0.01,2.43966416881523,2.8957525884909003
2024-09-30,0.01,2.787763063089585,3.530397290495162
2024-10-01,0.01,3.566163993695554,4.534027333815251
2024-10-02,0.01,3.462610193636427,4.499247073143924
2024-10-03,0.01,4.4781582840660015,5.506683511692562
2024-10-04,0.01,3.7286125367776264,4.606159813774101
2024-10-07,0.01,3.2326849420711157,3.979747740859568
2024-10-08,0.01,2.4035453850506414,3.0719278147168643
2024-10-09,0.01,3.874569003469376,4.9370607419011145
2024-10-10,0.01,2.757888422355336,3.4754833194744994
2024-10-11,0.01,2.3216881783273564,2.6764481868970766
2024-10-15,0.01,2.1968432455681675,2.804636777124166
2024-10-16,0.01,2.8961626209904683,3.801080070249879
2024-10-17,0.01,2.8798823836285052,3.878828016806352
2024-10-18,0.01,3.407248696623697,3.871589175128862
2024-10-21,0.01,2.879809552108019,4.218950890257772
2024-10-22,0.01,3.3860929948312903,4.463484288290249
2024-10-23,0.01,3.2188248966777286,4.298704982140609
2024-10-24,0.01,3.0083010527574503,3.672257697599407
2024-10-25,0.01,3.044448379606786,3.737624214916772
2024-10-28,0.01,2.37377822280484,2.8525158259559844
2024-10-29,0.01,3.455043332732914,4.116318112795054
2024-10-30,0.01,2.8509023019142345,3.0745266101272772
2024-10-31,0.01,2.4494238670635315,2.890496686296635
2024-11-01,0.01,2.510716206162372,3.119683523718026
2024-11-05,0.01,3.034447768886005,4.078543307199582
2024-11-06,0.01,3.407989141067335,4.421073698077972
2024-11-07,0.01,3.318639028646675,4.497900834256808
2024-11-08,0.01,2.9963458120958,3.1802836161318337
2024-11-11,0.01,2.5866235507228224,3.4773828951108645
2024-11-12,0.01,3.2323147878478715,3.779697750879229
2024-11-13,0.01,2.7580888807362283,4.069115700647625
2024-11-14,0.01,2.299677928160074,3.471035930879559
2024-11-15,0.01,3.0588153635550515,3.555947216137783
2024-11-18,0.01,2.618382182153865,3.830598310493836
2024-11-19,0.01,3.429500834645723,4.061299666338561
2024-11-20,0.01,2.5453050475082186,2.98669193030883
2024-11-21,0.01,2.31763103208673,3.0412861452649516
2024-11-22,0.01,3.392301795200272,4.594495696572258
2024-11-25,0.01,2.675331814253399,4.225285913996005
2024-11-26,0.01,2.574034573931686,3.2333427291640215
2024-11-27,0.01,1.6344567609852347,1.936270173360589
2024-11-28,0.01,2.092534814533895,3.458620369696355
2024-11-29,0.01,2.5806546456635484,3.4241975756345635
2024-12-02,0.01,2.8152416171699204,3.5524116719962393
2024-12-03,0.01,2.88323719667672,3.2569369636265293
2024-12-04,0.01,2.7416294484931223,3.1871521016010784
2024-12-05,0.01,2.0947975080416428,2.4578165141400232
2024-12-06,0.01,2.3293867297216573,2.86990921915215
2024-12-09,0.01,2.7876793245604765,3.079598980265104
2024-12-10,0.01,1.600222854909627,1.9473121695378857
2024-12-11,0.01,2.0589962495365146,2.9661998486740018
2024-12-12,0.01,2.0069100188208218,2.7110081480385273
2024-12-13,0.01,2.499477667621897,3.016106675939385
2024-12-16,0.01,2.1217359530958824,2.776977448426167
2024-12-17,0.01,2.0232979230856643,2.675995914727784
2024-12-18,0.01,1.722196533701792,2.375253440302177
2024-12-19,0.01,2.2353619332304264,2.6130914492888744
2024-12-20,0.01,2.800426331595363,3.639847829877166
2024-12-23,0.01,2.451645679890313,3.2488786765580024
2024-12-24,0.01,2.2542890193625644,2.7620725466803195
2024-12-25,0.01,1.8743866430794336,2.4017188255262236
2024-12-26,0.01,2.0511116588925833,2.282931641881587
2024-12-27,0.01,1.798648588400265,2.0405484772328
2024-12-30,0.01,2.232459045353295,2.7511043339467287
2022-12-20,0.05,1.3301492383856048,1.7570885329480876
2022-12-21,0.05,2.727944534877889,3.389140881608983
2022-12-22,0.05,1.253850215017856,1.7656482625530625
2022-12-23,0.05,1.7026875291026966,2.052522971827669
2022-12-26,0.05,1.4552406036967729,1.7798180289638756
2022-12-27,0.05,1.3068343393671864,1.623921408075646
2022-12-28,0.05,1.463792664989714,1.849024452680874
2022-12-29,0.05,1.8472088219993297,2.2085382372504454
2022-12-30,0.05,1.7056364846706005,2.17187622763465
2023-01-04,0.05,1.712655018299145,2.1038114855591767
2023-01-05,0.05,1.8728198580138624,2.40278302876186
2023-01-06,0.05,1.473206643755584,1.9167500722071555
2023-01-10,0.05,1.2667373473462855,1.6670544919993564
2023-01-11,0.05,1.2479380212667492,1.5635237328409868
2023-01-12,0.05,1.4874315700271394,1.8026430731987884
2023-01-13,0.05,1.5025583756601837,1.826289704729953
2023-01-16,0.05,1.8356603878524944,2.2137053517547196
2023-01-17,0.05,1.501462954571657,1.9786645917073604
2023-01-18,0.05,1.920254155394497,2.2654042066935083
2023-01-19,0.05,1.2348537273600362,1.6164703578401487
2023-01-20,0.05,1.388367327398925,2.646662568411541
2023-01-23,0.05,1.9098266867189648,2.2686019005922233
2023-01-24,0.05,1.6650763047573354,2.010764996005441
2023-01-25,0.05,1.5737562791658035,1.9535828119199912
2023-01-26,0.05,1.159275888966207,1.5209838469954842
2023-01-27,0.05,1.797383105014584,2.1373752286286
2023-01-30,0.05,1.863143529436457,2.239045128766086
2023-01-31,0.05,1.281840421572939,1.578834644667415
2023-02-01,0.05,1.6495040020301122,2.0448542533547704
2023-02-02,0.05,1.717004455567373,2.1308627263113107
2023-02-03,0.05,1.1542605594237902,1.4264933778913738
2023-02-06,0.05,1.5458766404130968,1.7163905325879394
2023-02-07,0.05,1.456746143474397,1.787454546145451
2023-02-08,0.05,1.4242285590360857,1.615318433840651
2023-02-09,0.05,1.135302833287466,1.3169303279127424
2023-02-10,0.05,1.806221150433479,2.021946328083672
2023-02-13,0.05,1.363804574412137,1.5886542492183748
2023-02-14,0.05,1.2390164945587785,1.507550842966417
2023-02-15,0.05,1.125873256943757,1.4435395536237323
2023-02-16,0.05,1.5210091293302153,1.8765551791460795
2023-02-17,0.05,1.478302962808058,1.7552550006151144
2023-02-20,0.05,1.5759964272794216,1.8472018273529809
2023-02-21,0.05,1.6492826278687427,1.9449587396320367
2023-02-22,0.05,1.4434384882526985,1.8282678048311825
2023-02-24,0.05,1.6286724900938685,2.026395315497352
2023-02-27,0.05,1.3910077697175829,1.7265550010508948
2023-02-28,0.05,1.2918577512033993,1.6729369091986592
2023-03-01,0.05,1.380198831543056,1.5503503853803196
2023-03-02,0.05,1.6456318181175873,1.920482815128942
2023-03-03,0.05,1.5893614967733096,1.847560775276612
2023-03-06,0.05,1.63406439337745,1.8667473901430711
2023-03-07,0.05,1.2535371607534165,1.5121743069995923
2023-03-08,0.05,1.5044763067386937,1.7126401377074014
2023-03-09,0.05,1.247150950312886,1.507088776602331
2023-03-10,0.05,1.147233870019134,1.5204118054680256
2023-03-13,0.05,2.4017265123918943,2.811598085706335
2023-03-14,0.05,1.2971192520116863,1.6903768831060924
2023-03-15,0.05,2.1233870001633735,2.633653661432691
2023-03-16,0.05,1.4003273050578988,1.8062310049667205
2023-03-17,0.05,1.3774020690346571,1.8306809795131171
2023-03-20,0.05,1.815777112343358,2.1382449669346433
2023-03-22,0.05,1.1739035529321646,1.47817221801802
2023-03-23,0.05,1.582970905118131,1.8528588533041337
2023-03-24,0.05,1.431800451702561,1.6068999772079493
2023-03-27,0.05,1.3263431667070338,1.5543481551178329
2023-03-28,0.05,1.6781219315254323,1.9909659833494548
2023-03-29,0.05,1.847067341042562,2.115956070570196
2023-03-30,0.05,1.67535826569047,1.9300725678921504
2023-03-31,0.05,1.3297144718824274,1.5802450019833718
2023-04-03,0.05,1.5189969333247455,1.707365652759748
2023-04-04,0.05,1.312993579793852,1.548638157365656
2023-04-05,0.05,1.67238468056417,1.8379743336582104
2023-04-06,0.05,1.4756824567829527,1.8870441514013143
2023-04-07,0.05,1.757420144673492,2.1081853206123538
2023-04-10,0.05,1.178265112126878,1.4211208774795876
2023-04-11,0.05,0.8552677618917,1.0667952731978785
2023-04-12,0.05,1.1624392225463942,1.30421692346244
2023-04-13,0.05,1.738088335805165,1.8870417361046936
2023-04-14,0.05,0.5389986627135668,0.7257438790647496
2023-04-17,0.05,1.735571320552865,1.9164252363626155
2023-04-18,0.05,1.0918202438126203,1.316949941377625
2023-04-19,0.05,1.6045780341079194,1.894201231466018
2023-04-20,0.05,1.4318781826429083,1.6264296074610889
2023-04-21,0.05,1.6202607381054164,1.8488168223472643
2023-04-24,0.05,1.3031174501505796,1.4784037236615466
2023-04-25,0.05,1.4091834100423577,1.6369001004250008
2023-04-26,0.05,1.504635713429588,1.7497348753532187
2023-04-27,0.05,1.5179057950001564,1.6417642686142344
2023-04-28,0.05,1.6647238041581396,1.83691855447188
2023-05-01,0.05,1.609176067802523,1.7890015030154416
2023-05-02,0.05,1.1025432538985809,1.329618329151807
2023-05-08,0.05,1.2237856293803049,1.4531550647690206
2023-05-09,0.05,1.2209839176331712,1.4576227514449722
2023-05-10,0.05,1.5170674619569593,1.8265432286464676
2023-05-11,0.05,1.1087929239308876,1.4002846678426653
2023-05-12,0.05,1.1311324434982362,1.3697152337205831
2023-05-15,0.05,1.3206413517663866,1.5332244649241995
2023-05-16,0.05,1.4263309558799186,1.6815389402306866
2023-05-17,0.05,1.4571330474225976,1.6620607970742254
2023-05-18,0.05,1.599030885082767,1.8145253493447504
2023-05-19,0.05,1.8054340484722344,2.328059590186404
2023-05-22,0.05,1.8838651816606975,2.4708946980382818
2023-05-23,0.05,1.4311050371256966,1.831685306300309
2023-05-24,0.05,1.0058953089448983,1.4053274682621162
2023-05-25,0.05,2.126601989882136,2.592078245647225
2023-05-26,0.05,1.152711790563473,1.5143197994394333
2023-05-29,0.05,1.513234888532215,1.8803742113403377
2023-05-30,0.05,1.18166046522196,1.5614739998366858
2023-05-31,0.05,1.4691605625720603,1.806146021179997
2023-06-01,0.05,1.374086229910934,1.6974532536714273
2023-06-02,0.05,1.5296693888570438,1.8958299195521864
2023-06-05,0.05,1.3880051846753088,1.805814444568124
2023-06-06,0.05,2.233808982435807,2.661398889105419
2023-06-07,0.05,1.8117197173454824,2.42493653982368
2023-06-08,0.05,1.2427826828772075,1.656004718450515
2023-06-09,0.05,1.6765845683691598,2.208632890270492
2023-06-12,0.05,1.6555097643701822,2.3194546395806284
2023-06-13,0.05,1.5397270865984154,2.8131981523170237
2023-06-14,0.05,1.9861435755556247,2.4960960499552227
2023-06-15,0.05,2.1404797147858825,2.611973628403152
2023-06-16,0.05,2.052204782749914,2.646100275150868
2023-06-19,0.05,1.425472204155099,1.9960512080430235
2023-06-20,0.05,1.0092042213264834,1.4513856834851973
2023-06-21,0.05,1.0273046894357272,1.4256291728734611
2023-06-22,0.05,0.9261231824922144,1.287605364216243
2023-06-23,0.05,1.205514441952257,1.5957131160211198
2023-06-26,0.05,1.6038540561417614,2.0494548478341867
2023-06-27,0.05,1.9612654916319452,2.450085540182078
2023-06-28,0.05,2.0852202720796145,2.813552944189958
2023-06-29,0.05,1.4999798092129328,1.9391781029048871
2023-06-30,0.05,0.965477653930336,1.2622923054028063
2023-07-03,0.05,2.057419678602472,2.5604314515895106
2023-07-04,0.05,1.2088602612247286,1.5180482041940768
2023-07-05,0.05,1.435068611533686,1.7567255762527851
2023-07-06,0.05,1.1541966602589973,1.494029660628028
2023-07-07,0.05,1.9480298499421231,2.469084152984288
2023-07-10,0.05,2.685955524420879,3.595298416697404
2023-07-11,0.05,2.0481924987584774,2.647438747895144
2023-07-12,0.05,2.067962626289736,2.503086014777178
2023-07-13,0.05,1.8934569656881737,2.4773036304936564
2023-07-14,0.05,1.3921700555874146,1.826469086663737
2023-07-18,0.05,1.283129819292765,1.745767000801822
2023-07-19,0.05,1.5782849700100732,2.092118050828414
2023-07-20,0.05,1.5011984921285046,1.8523122697524548
2023-07-21,0.05,2.166067274130933,2.7148957007102794
2023-07-24,0.05,1.5679507520082123,1.9467468777486163
2023-07-25,0.05,1.4655985149607322,1.855354002330096
2023-07-26,0.05,1.3828933418543572,1.7609824328526718
2023-07-27,0.05,1.3132459866799813,1.688661904366141
2023-07-28,0.05,1.3261981962188314,1.5778733546005068
2023-07-31,0.05,1.5376857149970824,1.951422096410897
2023-08-01,0.05,2.122954859966459,2.58970071366815
2023-08-02,0.05,1.111191250411755,1.4849762979215295
2023-08-03,0.05,1.9353796427676944,2.5611740910265497
2023-08-04,0.05,2.835108759860906,3.6008467081829383
2023-08-07,0.05,2.2554828134592033,2.795719814871809
2023-08-08,0.05,1.7662832641935522,2.2295433313605666
2023-08-09,0.05,1.468781221396797,1.8383621437909885
2023-08-10,0.05,2.213848407626964,2.7344799306497047
2023-08-14,0.05,1.0621080156920255,1.4722032075197329
2023-08-15,0.05,1.7058440140465685,2.2206816390385047
2023-08-16,0.05,1.5814819563095592,1.9370300640044968
2023-08-17,0.05,2.0655762762043732,2.514505502804053
2023-08-18,0.05,1.6004734067501565,2.026602029135038
2023-08-21,0.05,1.0229448166162984,1.3992419866474797
2023-08-22,0.05,1.362979378061207,1.6469592312030332
2023-08-23,0.05,1.5874195720816793,1.9651565979522436
2023-08-24,0.05,1.3763237660052998,1.628781408538312
2023-08-25,0.05,1.5493872665998392,1.9191279794036695
2023-08-28,0.05,1.4289182117876085,1.8132154166047256
2023-08-29,0.05,1.1306259883507912,1.5386172635828148
2023-08-30,0.05,1.2756003950481296,1.699135808701988
2023-08-31,0.05,1.5741626071110957,1.8398148300656505
2023-09-01,0.05,1.1189903287018852,1.4764134104588824
2023-09-04,0.05,1.3645230225391558,1.6541959760883762
2023-09-05,0.05,1.3813192705856618,1.718003022618953
2023-09-06,0.05,1.0006610888976883,1.3757232551448124
2023-09-07,0.05,1.5791384418139618,1.9017462427818763
2023-09-08,0.05,1.4278523852581038,1.6154399813990217
2023-09-11,0.05,1.514273467036977,1.8453317493202943
2023-09-12,0.05,1.0566415821859547,1.4188972873649182
2023-09-13,0.05,1.3227459725871054,1.67503478550138
2023-09-14,0.05,1.0769524209240828,1.33558626033085
2023-09-15,0.05,1.1575823288879814,1.4859096278999646
2023-09-19,0.05,0.9442809279984083,1.2826721835375214
2023-09-20,0.05,1.301269725987399,1.740047883940764
2023-09-21,0.05,1.2405219346519276,1.467981589188395
2023-09-22,0.05,1.112333744344009,1.4301554610721798
2023-09-25,0.05,1.8669050541278536,2.3465680686848756
2023-09-26,0.05,1.3746724356192852,1.750439377100028
2023-09-27,0.05,1.5316848264740854,1.910291707686109
2023-09-28,0.05,1.020056468506822,1.3817412702093224
2023-09-29,0.05,1.4167463810135503,1.8200314303505023
2023-10-02,0.05,1.3421818200149578,1.7123329977473096
2023-10-03,0.05,1.00982552841984,1.2657547199960064
2023-10-04,0.05,2.0366080902977384,2.3179929292490984
2023-10-05,0.05,1.7966853636752649,2.176557790555837
2023-10-06,0.05,2.175224892025924,2.5870991818419844
2023-10-10,0.05,1.906121974377676,2.314429220048729
2023-10-11,0.05,2.242585798161357,2.6588588604023093
2023-10-12,0.05,2.1538504348872247,2.5944011147424817
2023-10-13,0.05,1.8760508793401232,2.2502429984928725
2023-10-16,0.05,1.9715511632594775,2.5108450904168857
2023-10-17,0.05,1.916168715669848,2.3498831444562778
2023-10-18,0.05,1.7615910830930388,2.247829250146711
2023-10-19,0.05,1.7572700369025358,2.209654163834496
2023-10-20,0.05,1.8427085879220728,2.138606478677647
2023-10-23,0.05,1.9737467685052583,2.3532236011387027
2023-10-24,0.05,1.8185088414481303,2.2370100601745864
2023-10-25,0.05,2.0111830263312735,2.4892460635911986
2023-10-26,0.05,1.9829419327066609,2.295429425000747
2023-10-27,0.05,1.8968397410081044,2.300131809735204
2023-10-30,0.05,1.0812195703857388,1.408849117488696
2023-10-31,0.05,2.194023982204792,2.6309842668266095
2023-11-01,0.05,1.3215070573153105,1.69103382728852
2023-11-02,0.05,2.310909700794173,2.6413607151047516
2023-11-06,0.05,2.03158757167508,2.50135124129969
2023-11-07,0.05,1.0767997866039027,2.189243960471027
2023-11-08,0.05,2.299653869311657,2.7586494631016927
2023-11-09,0.05,1.9421421850431189,2.4710962562603
2023-11-10,0.05,1.4117440927623202,1.820560488266124
2023-11-13,0.05,1.1437480502870891,1.5616699397452027
2023-11-14,0.05,1.1663106189732089,1.5877357001499968
2023-11-15,0.05,1.4748451127691726,1.835764839514072
2023-11-16,0.05,1.3485395782595928,1.724182459139868
2023-11-17,0.05,1.034260921732675,1.3290807163816536
2023-11-20,0.05,1.4831801390899753,1.865716002927654
2023-11-21,0.05,1.505008928942719,1.8894968060870865
2023-11-22,0.05,1.3756282137728897,1.685454992478936
2023-11-24,0.05,0.9968872145520598,1.301208977115326
2023-11-27,0.05,1.4821071116024007,1.7430184157975737
2023-11-28,0.05,1.5578396417328813,1.8302876817949805
2023-11-29,0.05,1.411165188710359,1.617980474954882
2023-11-30,0.05,1.1212616923793008,1.4532068641088514
2023-12-01,0.05,1.5855895650198877,1.7417545202300684
2023-12-04,0.05,1.3893280127081,1.6215945190977008
2023-12-05,0.05,1.4073666309142217,1.6731156630612418
2023-12-06,0.05,1.3040148667190168,1.7419894874454476
2023-12-07,0.05,1.3612906053234046,1.641505543032343
2023-12-08,0.05,1.5086735314473951,1.8574068925079676
2023-12-11,0.05,1.7805670082382332,2.2861905355652237
2023-12-12,0.05,1.9191220096352144,2.48205467651607
2023-12-13,0.05,1.3962410123669775,1.8753734648263116
2023-12-14,0.05,0.9714321745180856,1.1613812815964375
2023-12-15,0.05,1.5259580993854127,2.008969220312575
2023-12-18,0.05,1.063186647225196,1.3421647867371878
2023-12-19,0.05,1.0509464347114068,1.502359789509533
2023-12-20,0.05,1.1240164989681711,1.4234966783993162
2023-12-21,0.05,1.1793962307887855,1.4852789501526555
2023-12-22,0.05,1.482942726179404,1.8651737118535268
2023-12-25,0.05,1.5462261116542024,1.7630137628341722
2023-12-26,0.05,1.1281848601141622,1.3820442073061356
2023-12-27,0.05,1.2581902862090897,1.6711533674808694
2023-12-28,0.05,1.0636605214175334,1.3193589236251229
2023-12-29,0.05,1.2458396762515944,1.4807387571138473
2024-01-04,0.05,0.9825830442652168,1.2822357537130862
2024-01-05,0.05,1.0626206210644422,1.4446966337795275
2024-01-09,0.05,1.292137635733325,1.5481597535892782
2024-01-10,0.05,1.1205651680066704,1.431378466061471
2024-01-11,0.05,1.8006396846526558,2.1094253316262397
2024-01-12,0.05,1.6373576112753183,2.0648063219119037
2024-01-15,0.05,1.2503428358871571,1.624334631772431
2024-01-16,0.05,1.5063504277827708,1.9843868308067056
2024-01-17,0.05,1.2720345999434923,1.7439575393479674
2024-01-18,0.05,1.4361684094130005,1.832067572915912
2024-01-19,0.05,1.356313885602942,1.6979960288921303
2024-01-22,0.05,1.4856962863726555,1.9252518907193017
2024-01-23,0.05,1.8478645785402943,2.397137308749537
2024-01-24,0.05,1.7140231918080249,2.136909993940445
2024-01-25,0.05,2.055788071101514,2.4981970755565426
2024-01-26,0.05,1.4310553527127534,1.787440818840671
2024-01-29,0.05,1.239198297216751,1.6340109991269272
2024-01-30,0.05,1.35529243447931,1.7149923714332322
2024-01-31,0.05,1.4145715755174622,1.612774018835199
2024-02-01,0.05,1.3736019797672507,1.627603055258897
2024-02-02,0.05,1.1664003906795986,1.436790962102338
2024-02-05,0.05,0.9235344943966688,1.274551214662108
2024-02-06,0.05,1.4140629096025004,1.655790385186349
2024-02-07,0.05,1.4352277380501366,1.73874868528148
2024-02-08,0.05,1.2772451982317974,1.5434055795008264
2024-02-09,0.05,1.4674916985568571,1.7295067044268322
2024-02-13,0.05,0.9140243996729828,1.470644247685582
2024-02-14,0.05,2.5291594200625056,3.156276499553442
2024-02-15,0.05,1.7807757601977363,2.3222598240137557
2024-02-16,0.05,1.7589964341076787,2.437219019805996
2024-02-19,0.05,1.4065752638489666,1.7581244709592756
2024-02-20,0.05,1.2954551551176408,1.715651284814396
2024-02-21,0.05,0.9504880485779778,1.1895513379206524
2024-02-22,0.05,1.756999463297933,2.52521634635161
2024-02-26,0.05,1.5718749908262335,2.0264281029803772
2024-02-27,0.05,1.8391011575300549,2.1794417036693385
2024-02-28,0.05,1.244631991973384,2.1343049186353147
2024-02-29,0.05,1.0565261602586848,1.388485885913229
2024-03-01,0.05,0.8694810221731235,1.1856831615212295
2024-03-04,0.05,1.5510525456651885,2.160414783440026
2024-03-05,0.05,1.4077048149731055,1.7859493936019777
2024-03-06,0.05,1.843494638059157,2.3543998240601365
2024-03-07,0.05,1.740776322485435,2.228599611534835
2024-03-08,0.05,0.9804677983617158,1.345301607313876
2024-03-11,0.05,1.1262880451030444,1.3899540146375453
2024-03-12,0.05,1.65621644205926,2.2950837493587
2024-03-13,0.05,1.52125425418205,2.206506022012256
2024-03-14,0.05,1.7574495108306412,2.311198706375793
2024-03-15,0.05,1.9713941990553552,2.445812185445385
2024-03-18,0.05,1.0689112595552797,1.4474836785027676
2024-03-19,0.05,1.3593451546233073,1.6822998035838863
2024-03-21,0.05,1.376405680370391,1.725917961079364
2024-03-22,0.05,1.6459058772780015,2.1474257750920915
2024-03-25,0.05,1.1899874665674766,1.4854025234790078
2024-03-26,0.05,1.5804180954763385,2.3116109771751026
2024-03-27,0.05,1.4527711899997873,1.926462946251426
2024-03-28,0.05,1.7073982346934566,2.024010136779414
2024-03-29,0.05,1.250514014319697,1.6203777104547228
2024-04-01,0.05,1.1063359381634823,1.4230251828649747
2024-04-02,0.05,1.842078115420389,2.39519801932029
2024-04-03,0.05,1.2843976158940866,1.6182570560472609
2024-04-04,0.05,1.3534685241379552,1.8417242278214605
2024-04-05,0.05,0.949164458395516,1.1973063048361643
2024-04-08,0.05,1.7309383585239515,2.375478717991046
2024-04-09,0.05,1.3964538333811527,1.684158223041247
2024-04-10,0.05,1.8070204531281369,2.0646916404659414
2024-04-11,0.05,1.228972682546316,1.6847828199370063
2024-04-12,0.05,1.3579331823279492,1.6825466965625446
2024-04-15,0.05,0.9006411727820934,1.307759216839429
2024-04-16,0.05,1.2156010073645154,1.4870514291754144
2024-04-17,0.05,1.4966197891299855,1.9575150213186805
2024-04-18,0.05,2.466415871327669,3.1326357405726877
2024-04-19,0.05,1.5055627127107614,2.077418373117582
2024-04-22,0.05,1.7695134227857154,2.3749905876818884
2024-04-23,0.05,2.086347975088761,2.582119866496957
2024-04-24,0.05,1.7203726974521285,2.269758718080244
2024-04-25,0.05,1.6478166291012322,2.1850270704032613
2024-04-26,0.05,1.7965772795054922,2.246295891598575
2024-04-30,0.05,1.9391654492745407,2.350034558591506
2024-05-01,0.05,1.9104011994149976,2.4411988231771935
2024-05-02,0.05,1.501724444540789,1.9707909472715857
2024-05-07,0.05,1.933037113231558,2.466067800681236
2024-05-08,0.05,1.6359040200425854,2.1482941658103476
2024-05-09,0.05,2.307601485029687,2.8398980423069675
2024-05-10,0.05,1.9054834157959148,2.4025413536157463
2024-05-13,0.05,1.6422939941631112,2.0993931621345223
2024-05-14,0.05,2.041175643622828,2.703123321628782
2024-05-15,0.05,1.8298311472549769,2.3064693466112036
2024-05-16,0.05,1.2367411723337127,1.5557958908384082
2024-05-17,0.05,1.3563932516372288,1.6796787235882058
2024-05-20,0.05,0.9386923343510264,1.354271030687351
2024-05-21,0.05,1.0020303440680862,1.321087067290135
2024-05-22,0.05,1.1988533663622836,1.5377674587262782
2024-05-23,0.05,1.4570979656010985,1.8381420205142465
2024-05-24,0.05,1.4480451856127678,1.8471964815558035
2024-05-27,0.05,1.9804760032546311,2.580198089808072
2024-05-28,0.05,1.966734771338814,2.7025702405623884
2024-05-29,0.05,1.1843385981523684,1.6058291429043996
2024-05-30,0.05,0.9312305130940662,1.3807651714259055
2024-05-31,0.05,1.957044390525404,2.4662013938132534
2024-06-03,0.05,1.8022052225919527,2.3795319901003817
2024-06-04,0.05,1.059434884983268,1.4339528308815763
2024-06-05,0.05,1.3573268756642325,1.7569554822049245
2024-06-06,0.05,0.9840224593392298,1.2410356737702335
2024-06-07,0.05,1.4590950851945572,1.915096318476373
2024-06-10,0.05,1.330050801605504,1.6713444859761135
2024-06-11,0.05,0.9707889160798144,1.2148286749674737
2024-06-12,0.05,1.1342511909949866,1.481736938813539
2024-06-13,0.05,0.988254373072744,1.2634976104507387
2024-06-14,0.05,1.1065247916075296,1.5389650099020018
2024-06-17,0.05,1.2733539688479198,1.7664087730475626
2024-06-18,0.05,1.1645918545957017,1.4896547399417042
2024-06-19,0.05,1.4728877215785736,1.732222119043504
2024-06-20,0.05,1.0250742131515544,1.3781812637866953
2024-06-21,0.05,1.1139612794504308,1.4780385292352105
2024-06-24,0.05,0.9456254949196078,1.273528363597801
2024-06-25,0.05,1.4081889153222906,1.8050013579520776
2024-06-26,0.05,1.0776698398986766,1.3264813158327031
2024-06-27,0.05,1.0672548857190307,1.375468984593963
2024-06-28,0.05,1.3524182572798291,1.719374525435191
2024-07-01,0.05,1.294802163493988,1.4927631510479988
2024-07-02,0.05,1.3405836806083515,1.6453552364972008
2024-07-03,0.05,1.1989667244492594,1.528616714686556
2024-07-04,0.05,1.2118363605432791,1.5237035626923885
2024-07-05,0.05,1.3721401187265574,2.16687833713338
2024-07-08,0.05,1.288981598806711,1.565016669345125
2024-07-09,0.05,0.8892606990335132,1.210987968019649
2024-07-10,0.05,1.0391135346572224,1.3694557345772136
2024-07-11,0.05,0.9932732708120834,1.2505386263267555
2024-07-12,0.05,1.2721297928458009,1.575403042689609
2024-07-16,0.05,0.9649133350817536,1.3943703012013868
2024-07-17,0.05,1.0778253688902115,1.3948939001554777
2024-07-18,0.05,1.1302286805214656,1.6289432463441664
2024-07-19,0.05,1.567217134235832,2.2508957431115912
2024-07-22,0.05,1.9171263506268108,2.5488885573191156
2024-07-23,0.05,1.866151997658358,2.441365511693878
2024-07-24,0.05,1.1717164116409653,1.6042235164084042
2024-07-25,0.05,1.788833084563198,2.453713530462235
2024-07-26,0.05,2.74366018188388,3.3059188763206584
2024-07-29,0.05,2.1426933643667185,2.738903912043807
2024-07-30,0.05,1.662014206566741,2.2298227661661594
2024-07-31,0.05,1.7395088676557184,2.1559689833523197
2024-08-01,0.05,1.2996492094495482,1.670361154358204
2024-08-02,0.05,1.7953435370998072,2.2853263771779084
2024-08-05,0.05,3.5934411670691757,4.427935094423887
2024-08-06,0.05,5.743841306603353,8.360406766341063
2024-08-07,0.05,3.4738717755236146,4.89344873506425
2024-08-08,0.05,2.518313730331454,3.711958100009594
2024-08-09,0.05,2.4205761282612337,3.4049884991236365
2024-08-13,0.05,2.233743517466541,3.0316414120355835
2024-08-14,0.05,2.173099455925746,3.0033755098973622
2024-08-15,0.05,2.025988695533001,2.836962661116796
2024-08-16,0.05,1.4260173284550075,1.9830484035848996
2024-08-19,0.05,1.7152762468166085,2.436840498390368
2024-08-20,0.05,1.7824768872873966,2.3418317518826512
2024-08-21,0.05,1.590186484614563,2.2486653621177415
2024-08-22,0.05,1.871461204688755,2.3226014593196096
2024-08-23,0.05,1.855106200594458,2.2948459300581976
2024-08-26,0.05,1.5601583701755748,2.0929217790581034
2024-08-27,0.05,2.0985840811573393,2.6727451220320217
2024-08-28,0.05,1.8670156353240264,2.4258865582377407
2024-08-29,0.05,2.0204014099523033,2.7446786778747887
2024-08-30,0.05,1.301906048398921,1.747121085059249
2024-09-02,0.05,1.35163821384773,1.7017922279712725
2024-09-03,0.05,1.422280479251856,1.6028621606533224
2024-09-04,0.05,1.318948749159311,1.5732773068673356
2024-09-05,0.05,2.725470351548862,3.6295881338535567
2024-09-06,0.05,2.9482670907815516,3.704380252822854
2024-09-09,0.05,2.172224507179674,2.9315911154530085
2024-09-10,0.05,2.312386628528439,2.8499554067824193
2024-09-11,0.05,2.106070695076638,2.5746764669556503
2024-09-12,0.05,1.9213611225117315,2.4187423799060466
2024-09-13,0.05,1.8564856437440111,2.5596697066853897
2024-09-17,0.05,1.7896535631391637,2.2050937296572037
2024-09-18,0.05,2.0500629070393273,2.5711392056911975
2024-09-19,0.05,1.1509260944619255,1.518442751949836
2024-09-20,0.05,1.229881637011376,1.6320942688386182
2024-09-24,0.05,1.3965717728570115,1.76147578013689
2024-09-25,0.05,1.269630216745649,1.661724101946506
2024-09-26,0.05,1.0271256851501185,1.3204494483397675
2024-09-27,0.05,1.1817922464652897,1.5819817283553406
2024-09-30,0.05,1.5531759543190629,2.0960519282633996
2024-10-01,0.05,2.258958471152037,2.970630064704951
2024-10-02,0.05,2.1805404844268494,2.779592910186475
2024-10-03,0.05,2.497898096749516,3.335912723096673
2024-10-04,0.05,1.799302559675007,2.47660519281305
2024-10-07,0.05,1.9506112436566103,2.541757789786333
2024-10-08,0.05,1.1535232323624327,1.5681126817910265
2024-10-09,0.05,1.9575775247026923,2.7868535727528085
2024-10-10,0.05,2.1269724674852517,2.6663768082809507
2024-10-11,0.05,1.0716635784134505,1.3594382354978305
2024-10-15,0.05,0.9545880095499156,1.2735369390233864
2024-10-16,0.05,1.653900794784531,2.2004932169154596
2024-10-17,0.05,1.6140374044809933,2.2582680571264873
2024-10-18,0.05,2.125177802814947,2.6038053531275094
2024-10-21,0.05,1.6058990107862194,2.2912942398425913
2024-10-22,0.05,2.1040313536038897,2.7101423290739324
2024-10-23,0.05,1.9201087317442265,2.4547909011214606
2024-10-24,0.05,1.7010976980191952,2.3517697241928692
2024-10-25,0.05,1.0899889766497342,1.6171881815722378
2024-10-28,0.05,1.7180392025456577,2.1871016526095426
2024-10-29,0.05,1.5132309199579803,1.9934314799948665
2024-10-30,0.05,1.5688308268558886,1.9012671154918372
2024-10-31,0.05,1.1835840516711842,1.5715985439030151
2024-11-01,0.05,1.2368171313551437,1.632871624306723
2024-11-05,0.05,1.7186407634798166,2.4046428887995694
2024-11-06,0.05,2.100784394945914,2.8115597364474287
2024-11-07,0.05,2.044735933033329,2.740963035708129
2024-11-08,0.05,1.0915326788746798,1.4622115235772155
2024-11-11,0.05,1.3207860974285175,1.7568954860040629
2024-11-12,0.05,1.9584071719442255,2.538468518961078
2024-11-13,0.05,1.5159388612281428,2.8796136771961782
2024-11-14,0.05,1.009339429704537,1.5137139034436802
2024-11-15,0.05,1.7516081569614688,2.4177745038271294
2024-11-18,0.05,1.313106155837138,1.7755332295182578
2024-11-19,0.05,2.1049803863359458,2.7745842891982697
2024-11-20,0.05,1.238097026238539,1.5898127625371432
2024-11-21,0.05,1.0104247706203209,1.3934616827437567
2024-11-22,0.05,2.0589469488194108,2.90840610103897
2024-11-25,0.05,2.008617475565143,2.4816573455693147
2024-11-26,0.05,1.2753176884644573,1.6895256028467496
2024-11-27,0.05,0.9829834944356952,1.3123007107915676
2024-11-28,0.05,1.425822355231392,1.8186175104876772
2024-11-29,0.05,1.2648412008548116,1.758064561259385
2024-12-02,0.05,1.4907230930412283,1.88263272286327
2024-12-03,0.05,1.567437131359007,1.9484981055105497
2024-12-04,0.05,1.4512967023400396,1.815651095746008
2024-12-05,0.05,1.4517048943439204,1.72706175870917
2024-12-06,0.05,1.0473209897334337,1.4441332913625906
2024-12-09,0.05,1.4889553303639136,1.850771887833119
2024-12-10,0.05,0.9571361609299788,1.2136275366537137
2024-12-11,0.05,1.41591656628673,1.7613164685802676
2024-12-12,0.05,1.3638274745460963,1.6234404168337004
2024-12-13,0.05,1.2255795427193477,1.5826168791838822
2024-12-16,0.05,1.478649965688126,1.8231041958023004
2024-12-17,0.05,1.38021083279504,1.6166679645345918
2024-12-18,0.05,1.0791086008357649,1.3967070052083297
2024-12-19,0.05,1.5838948266656014,1.903300675065928
2024-12-20,0.05,1.48461679149605,1.9294429693243773
2024-12-23,0.05,1.1358424277828203,1.535909962928017
2024-12-24,0.05,1.6028235671586744,1.8703425624329
2024-12-25,0.05,1.222915296809805,1.5114336429991382
2024-12-26,0.05,1.3996525553015775,1.6067662721548208
2024-12-27,0.05,1.155561423901453,1.3768081872342897
2024-12-30,0.05,0.9666255948831536,1.2966421194337618
2022-12-20,0.1,1.3301492383856048,1.7570885329480876
2022-12-21,0.1,1.9374245021588723,2.5451197307658946
2022-12-22,0.1,0.4695283700690519,0.9254379455100208
2022-12-23,0.1,0.9183710711387616,1.2835679831605895
2022-12-26,0.1,0.6647269949273643,1.0937800581237775
2022-12-27,0.1,0.522516710356029,0.8810209519284178
2022-12-28,0.1,0.6794755628772947,0.9941257718092222
2022-12-29,0.1,1.05669396391812,1.4447093017567636
2022-12-30,0.1,0.9088206678679832,1.3281346593694678
2023-01-04,0.1,0.9158389598228736,1.3445809239983817
2023-01-05,0.1,1.0630977738557172,1.6222381183403536
2023-01-06,0.1,1.473206643755584,1.9167500722071555
2023-01-10,0.1,1.2667373473462855,1.6670544919993564
2023-01-11,0.1,1.2479380212667492,1.5635237328409868
2023-01-12,0.1,0.7031125355486637,1.0070348693998563
2023-01-13,0.1,1.5025583756601837,1.826289704729953
2023-01-16,0.1,1.8356603878524944,2.2137053517547196
2023-01-17,0.1,1.501462954571657,1.9786645917073604
2023-01-18,0.1,1.920254155394497,2.2654042066935083
2023-01-19,0.1,1.2348537273600362,1.6164703578401487
2023-01-20,0.1,1.3488415607665267,1.7634808603336238
2023-01-23,0.1,1.9098266867189648,2.2686019005922233
2023-01-24,0.1,1.6650763047573354,2.010764996005441
2023-01-25,0.1,1.5737562791658035,1.9535828119199912
2023-01-26,0.1,1.159275888966207,1.5209838469954842
2023-01-27,0.1,1.797383105014584,2.1373752286286
2023-01-30,0.1,1.1026865086737878,1.4593538127903485
2023-01-31,0.1,1.281840421572939,1.578834644667415
2023-02-01,0.1,1.6495040020301122,2.0448542533547704
2023-02-02,0.1,1.717004455567373,2.1308627263113107
2023-02-03,0.1,0.3995397790311069,0.6987953659601338
2023-02-06,0.1,1.5458766404130968,1.7163905325879394
2023-02-07,0.1,1.456746143474397,1.787454546145451
2023-02-08,0.1,0.6751577547747524,0.9437750916507232
2023-02-09,0.1,0.3862341117581452,0.643535593317473
2023-02-10,0.1,1.806221150433479,2.021946328083672
2023-02-13,0.1,0.6147371879050577,0.8716254562514688
2023-02-14,0.1,0.4843014061876766,0.7620169237625204
2023-02-15,0.1,0.3768035207044969,0.6019678629823596
2023-02-16,0.1,0.7662859634567565,1.0617304835639152
2023-02-17,0.1,0.7292378728770895,0.965654470081785
2023-02-20,0.1,0.821275267289089,1.102724146598652
2023-02-21,0.1,0.8945600579834074,1.211988231009092
2023-02-22,0.1,0.6887194431540905,0.9889024847368142
2023-02-24,0.1,1.6286724900938685,2.026395315497352
2023-02-27,0.1,1.3910077697175829,1.7265550010508948
2023-02-28,0.1,1.2918577512033993,1.6729369091986592
2023-03-01,0.1,1.380198831543056,1.5503503853803196
2023-03-02,0.1,0.8909095184518416,1.1893594464763388
2023-03-03,0.1,0.8346440259573855,1.127736878459051
2023-03-06,0.1,1.63406439337745,1.8667473901430711
2023-03-07,0.1,1.2535371607534165,1.5121743069995923
2023-03-08,0.1,1.5044763067386937,1.7126401377074014
2023-03-09,0.1,1.247150950312886,1.507088776602331
2023-03-10,0.1,1.147233870019134,1.5204118054680256
2023-03-13,0.1,1.6582232928073557,2.0380772665166
2023-03-14,0.1,1.2971192520116863,1.6903768831060924
2023-03-15,0.1,1.3570954178557912,1.9244546372233025
2023-03-16,0.1,1.4003273050578988,1.8062310049667205
2023-03-17,0.1,1.3774020690346571,1.8306809795131171
2023-03-20,0.1,1.815777112343358,2.1382449669346433
2023-03-22,0.1,1.1739035529321646,1.47817221801802
2023-03-23,0.1,1.582970905118131,1.8528588533041337
2023-03-24,0.1,0.6770864076993295,0.9687926255843866
2023-03-27,0.1,0.5716227118493118,0.8649488559615008
2023-03-28,0.1,0.9234040854846473,1.2145573303568675
2023-03-29,0.1,1.092347049304177,1.4152058086999106
2023-03-30,0.1,0.9318599420813444,1.2134568890513189
2023-03-31,0.1,0.5862197893745086,0.8509010590040876
2023-04-03,0.1,0.780990883387684,1.0253434936728028
2023-04-04,0.1,0.5803955149198641,0.8770624525042648
2023-04-05,0.1,0.9397781601916902,1.171177852338997
2023-04-06,0.1,0.7321905733222488,1.0945391271782494
2023-04-07,0.1,1.757420144673492,2.1081853206123538
2023-04-10,0.1,0.4291999222094226,0.7045000178458454
2023-04-11,0.1,0.8552677618917,1.0667952731978785
2023-04-12,0.1,0.4244288049770107,0.6481037503546622
2023-04-13,0.1,1.0000780223278445,1.20810789123073
2023-04-14,0.1,0.5389986627135668,0.7257438790647496
2023-04-17,0.1,1.0082977630678704,1.206075071226436
2023-04-18,0.1,0.3697965922796396,0.6272443146854679
2023-04-19,0.1,0.8825525890669256,1.184162122204543
2023-04-20,0.1,1.4318781826429083,1.6264296074610889
2023-04-21,0.1,0.8982421199854815,1.143131029587831
2023-04-24,0.1,0.5810919052501788,0.7946088740890284
2023-04-25,0.1,0.6871561207533909,0.9488359854927326
2023-04-26,0.1,0.7826100687988179,1.0362553226328826
2023-04-27,0.1,0.7906295586861274,0.9771436463555584
2023-04-28,0.1,0.9374476184069662,1.1537383078421446
2023-05-01,0.1,0.8923313451316518,1.141210266906483
2023-05-02,0.1,0.3958244782551358,0.6875332030553176
2023-05-08,0.1,0.5170734913474662,0.807399543254527
2023-05-09,0.1,0.509237189182613,0.7490410426094737
2023-05-10,0.1,1.5170674619569593,1.8265432286464676
2023-05-11,0.1,1.1087929239308876,1.4002846678426653
2023-05-12,0.1,0.4244191598950423,0.684945035663226
2023-05-15,0.1,0.618885781244432,0.8903035723182036
2023-05-16,0.1,0.729453993420204,1.014463241251821
2023-05-17,0.1,1.4571330474225976,1.6620607970742254
2023-05-18,0.1,0.9117420529115644,1.166102894096389
2023-05-19,0.1,1.1274618339418512,1.5883269873168993
2023-05-22,0.1,1.2104568474282793,1.7230349066763468
2023-05-23,0.1,1.4311050371256966,1.831685306300309
2023-05-24,0.1,1.0058953089448983,1.4053274682621162
2023-05-25,0.1,1.4486327201891065,1.9446306136825289
2023-05-26,0.1,1.152711790563473,1.5143197994394333
2023-05-29,0.1,0.8443387244829733,1.1498582502613397
2023-05-30,0.1,1.18166046522196,1.5614739998366858
2023-05-31,0.1,1.4691605625720603,1.806146021179997
2023-06-01,0.1,0.70518591898732,1.014509186191823
2023-06-02,0.1,0.8652188697958453,1.170020659002896
2023-06-05,0.1,1.3880051846753088,1.805814444568124
2023-06-06,0.1,1.5865534123601213,2.093224440907633
2023-06-07,0.1,1.1727424404847984,1.6340771086622814
2023-06-08,0.1,1.2427826828772075,1.656004718450515
2023-06-09,0.1,1.0208450881263025,1.5200166707995564
2023-06-12,0.1,1.0124221910390971,1.50032128998097
2023-06-13,0.1,1.5075727197445703,1.9547047172008905
2023-06-14,0.1,1.355226580331326,1.8732075464249347
2023-06-15,0.1,1.5174210403849226,1.9244207391787047
2023-06-16,0.1,1.4291318356879943,1.926543539119248
2023-06-19,0.1,0.8100862236762614,1.221500625332696
2023-06-20,0.1,1.0092042213264834,1.4513856834851973
2023-06-21,0.1,1.0273046894357272,1.4256291728734611
2023-06-22,0.1,0.3107355444469561,0.6212135491798303
2023-06-23,0.1,1.205514441952257,1.5957131160211198
2023-06-26,0.1,0.9689341238485992,1.3792584494127462
2023-06-27,0.1,1.3222848669841702,1.7528303942522905
2023-06-28,0.1,1.4421338713845309,1.962194474836027
2023-06-29,0.1,1.4999798092129328,1.9391781029048871
2023-06-30,0.1,0.965477653930336,1.2622923054028063
2023-07-03,0.1,1.426497734402575,1.8684782887054696
2023-07-04,0.1,1.2088602612247286,1.5180482041940768
2023-07-05,0.1,1.435068611533686,1.7567255762527851
2023-07-06,0.1,1.1541966602589973,1.494029660628028
2023-07-07,0.1,1.30905398803913,1.7681759971157849
2023-07-10,0.1,2.034489634617755,2.9113485009546367
2023-07-11,0.1,1.396724477068934,1.926503010999686
2023-07-12,0.1,1.4164977004113182,1.7956188568255746
2023-07-13,0.1,1.2377193953679493,1.776124669210428
2023-07-14,0.1,1.3921700555874146,1.826469086663737
2023-07-18,0.1,1.283129819292765,1.745767000801822
2023-07-19,0.1,1.5782849700100732,2.092118050828414
2023-07-20,0.1,1.5011984921285046,1.8523122697524548
2023-07-21,0.1,1.5188145553369905,2.0272701029653124
2023-07-24,0.1,1.5679507520082123,1.9467468777486163
2023-07-25,0.1,1.4655985149607322,1.855354002330096
2023-07-26,0.1,0.7439166195045854,1.0787604700258744
2023-07-27,0.1,0.6742681060003538,1.0094591002429618
2023-07-28,0.1,1.3261981962188314,1.5778733546005068
2023-07-31,0.1,1.5376857149970824,1.951422096410897
2023-08-01,0.1,1.488032510808324,1.84263196360383
2023-08-02,0.1,1.111191250411755,1.4849762979215295
2023-08-03,0.1,1.2922965808100797,1.7888138674165242
2023-08-04,0.1,2.1750422064431016,2.88794445731302
2023-08-07,0.1,1.5997445839509463,2.0823310806383124
2023-08-08,0.1,1.1148157623907349,1.4998367977257097
2023-08-09,0.1,1.468781221396797,1.8383621437909885
2023-08-10,0.1,1.5581120409214542,1.9739618363349436
2023-08-14,0.1,1.0621080156920255,1.4722032075197329
2023-08-15,0.1,1.0501023393199924,1.5119635596170926
2023-08-16,0.1,1.5814819563095592,1.9370300640044968
2023-08-17,0.1,1.4011220043375157,1.8262320673883752
2023-08-18,0.1,1.6004734067501565,2.026602029135038
2023-08-21,0.1,1.0229448166162984,1.3992419866474797
2023-08-22,0.1,1.362979378061207,1.6469592312030332
2023-08-23,0.1,0.9273468659708918,1.2658439470114045
2023-08-24,0.1,0.7205848839214012,1.0115156350274963
2023-08-25,0.1,0.8979188054343828,1.269804227168863
2023-08-28,0.1,1.4289182117876085,1.8132154166047256
2023-08-29,0.1,1.1306259883507912,1.5386172635828148
2023-08-30,0.1,1.2756003950481296,1.699135808701988
2023-08-31,0.1,1.5741626071110957,1.8398148300656505
2023-09-01,0.1,0.475901683814265,0.8304429450185727
2023-09-04,0.1,0.721435192340583,1.0090364339961524
2023-09-05,0.1,0.7423396138795721,1.0216397773098014
2023-09-06,0.1,0.3657442924625172,0.6792474625367394
2023-09-07,0.1,0.9442182429571996,1.211271923642247
2023-09-08,0.1,0.7888686355991156,1.04193123965742
2023-09-11,0.1,1.514273467036977,1.8453317493202943
2023-09-12,0.1,1.0566415821859547,1.4188972873649182
2023-09-13,0.1,1.3227459725871054,1.67503478550138
2023-09-14,0.1,0.4338619175073824,0.6832750336074904
2023-09-15,0.1,0.5226663476208745,0.8437474410472379
2023-09-19,0.1,0.3173191856590717,0.6159241383926599
2023-09-20,0.1,0.6663552461673243,0.943955265762594
2023-09-21,0.1,0.6015391497835146,0.8407807188729219
2023-09-22,0.1,1.112333744344009,1.4301554610721798
2023-09-25,0.1,1.211166404385401,1.660874514558918
2023-09-26,0.1,1.3746724356192852,1.750439377100028
2023-09-27,0.1,0.9415196076601045,1.910291707686109
2023-09-28,0.1,0.3685949761773801,0.7151976557146235
2023-09-29,0.1,1.4167463810135503,1.8200314303505023
2023-10-02,0.1,1.3421818200149578,1.7123329977473096
2023-10-03,0.1,1.00982552841984,1.2657547199960064
2023-10-04,0.1,1.3540133195994548,1.6814026209898991
2023-10-05,0.1,1.0998107871148797,1.525108976561779
2023-10-06,0.1,1.4879376231816908,1.896507544657392
2023-10-10,0.1,1.2188332977466958,1.600049422758221
2023-10-11,0.1,1.5691844802275958,2.067542668316978
2023-10-12,0.1,1.4849526612742745,1.8901425312365765
2023-10-13,0.1,1.2203132264612315,1.6287336533013648
2023-10-16,0.1,1.311486328856819,1.7635242815420724
2023-10-17,0.1,1.916168715669848,2.3498831444562778
2023-10-18,0.1,1.0971399338578318,1.49988119455894
2023-10-19,0.1,1.0928140806339903,1.485313790384967
2023-10-20,0.1,1.8427085879220728,2.138606478677647
2023-10-23,0.1,1.291152905909096,1.6718431810823056
2023-10-24,0.1,1.131220429265796,1.5721365479193006
2023-10-25,0.1,1.3238973385842794,1.78735014564755
2023-10-26,0.1,1.3003444288263928,1.6382978237535322
2023-10-27,0.1,1.1999630073140584,1.6407034144002055
2023-10-30,0.1,1.0812195703857388,1.408849117488696
2023-10-31,0.1,1.4971431849836945,1.9487019879269485
2023-11-01,0.1,1.3215070573153105,1.69103382728852
2023-11-02,0.1,1.6329404894232982,1.9925516920977313
2023-11-06,0.1,1.3626925829068215,1.735006040691956
2023-11-07,0.1,1.0442262119151686,1.473071810625228
2023-11-08,0.1,1.6352009098467817,2.1537156267336637
2023-11-09,0.1,1.277688651176783,1.7766274239235649
2023-11-10,0.1,1.4117440927623202,1.820560488266124
2023-11-13,0.1,1.1437480502870891,1.5616699397452027
2023-11-14,0.1,1.1663106189732089,1.5877357001499968
2023-11-15,0.1,1.4748451127691726,1.835764839514072
2023-11-16,0.1,1.3485395782595928,1.724182459139868
2023-11-17,0.1,0.3993401717438588,0.7166870366110027
2023-11-20,0.1,0.8482560263894456,1.15996341804566
2023-11-21,0.1,0.8660313128995281,1.1978030346597384
2023-11-22,0.1,0.7366508240045693,1.032126170588282
2023-11-24,0.1,0.9968872145520598,1.301208977115326
2023-11-27,0.1,1.4821071116024007,1.7430184157975737
2023-11-28,0.1,0.9188602851825304,1.196979674590006
2023-11-29,0.1,0.7721830373280414,1.0614575081830546
2023-11-30,0.1,0.4822852049775349,0.750476852080241
2023-12-01,0.1,0.9466025838859576,1.171417837235621
2023-12-04,0.1,0.7503485046858311,1.0308633199320774
2023-12-05,0.1,0.7642795847758523,1.0138455559297352
2023-12-06,0.1,0.6525419818369492,1.052006067226732
2023-12-07,0.1,1.3612906053234046,1.641505543032343
2023-12-08,0.1,0.857210053119257,1.22507568987256
2023-12-11,0.1,1.1161146110880755,1.545851586986956
2023-12-12,0.1,1.2633819947026306,1.693714484719839
2023-12-13,0.1,1.3962410123669775,1.8753734648263116
2023-12-14,0.1,0.9714321745180856,1.1613812815964375
2023-12-15,0.1,1.5259580993854127,2.008969220312575
2023-12-18,0.1,1.063186647225196,1.3421647867371878
2023-12-19,0.1,1.0509464347114068,1.502359789509533
2023-12-20,0.1,1.1240164989681711,1.4234966783993162
2023-12-21,0.1,1.1793962307887855,1.4852789501526555
2023-12-22,0.1,0.8356878796566323,1.1820933203580448
2023-12-25,0.1,1.5462261116542024,1.7630137628341722
2023-12-26,0.1,1.1281848601141622,1.3820442073061356
2023-12-27,0.1,0.6150965328667559,0.9329388811486736
2023-12-28,0.1,1.0636605214175334,1.3193589236251229
2023-12-29,0.1,1.2458396762515944,1.4807387571138473
2024-01-04,0.1,0.9825830442652168,1.2822357537130862
2024-01-05,0.1,0.4195344009762149,0.7237642002793563
2024-01-09,0.1,0.649046854781831,0.9035443605895256
2024-01-10,0.1,1.1205651680066704,1.431378466061471
2024-01-11,0.1,1.17368704406459,1.4969898793738112
2024-01-12,0.1,1.0219702198138667,1.4459429301750355
2024-01-15,0.1,1.2503428358871571,1.624334631772431
2024-01-16,0.1,0.9057463682414948,1.2893473778157427
2024-01-17,0.1,0.6678050947434082,1.0851319285762786
2024-01-18,0.1,1.4361684094130005,1.832067572915912
2024-01-19,0.1,1.356313885602942,1.6979960288921303
2024-01-22,0.1,1.4856962863726555,1.9252518907193017
2024-01-23,0.1,1.2543905111672091,1.7308715080389925
2024-01-24,0.1,1.1205406252905228,1.5157953797654926
2024-01-25,0.1,1.45518078780464,1.9307962150195073
2024-01-26,0.1,1.4310553527127534,1.787440818840671
2024-01-29,0.1,1.239198297216751,1.6340109991269272
2024-01-30,0.1,1.35529243447931,1.7149923714332322
2024-01-31,0.1,0.8139625915447184,1.070214970200279
2024-02-01,0.1,0.776577615438105,1.0333386115130687
2024-02-02,0.1,0.5657951588879155,0.8196073531160177
2024-02-05,0.1,0.3265213004454478,0.6033062579177944
2024-02-06,0.1,0.8170466650357757,1.023461930653421
2024-02-07,0.1,0.8346164732456723,1.093998665223158
2024-02-08,0.1,0.676643579301731,0.9497088435920964
2024-02-09,0.1,0.8775170189186274,1.1688710046364592
2024-02-13,0.1,0.3275085182255258,0.6817465583429637
2024-02-14,0.1,1.949451250600879,2.5971510401763376
2024-02-15,0.1,1.201065089103739,1.6325775364210808
2024-02-16,0.1,1.1859346190853326,1.678718437129764
2024-02-19,0.1,0.8399966835092726,1.1704390307008457
2024-02-20,0.1,0.7288884915499917,1.067776723580191
2024-02-21,0.1,0.9504880485779778,1.1895513379206524
2024-02-22,0.1,1.183924867737146,1.7503666873910633
2024-02-26,0.1,1.0116476783061423,1.401490011538766
2024-02-27,0.1,1.2788732231723494,1.6221838593839086
2024-02-28,0.1,1.2166209519958162,1.56688200796509
2024-02-29,0.1,1.0565261602586848,1.388485885913229
2024-03-01,0.1,0.8694810221731235,1.1856831615212295
2024-03-04,0.1,1.0000836328830605,1.5442140792622585
2024-03-05,0.1,0.8597656328397674,1.2690096201533023
2024-03-06,0.1,1.2925266034475282,1.702708677835792
2024-03-07,0.1,1.1898053482768909,1.5803010019833446
2024-03-08,0.1,0.4264565304102673,0.7891049199642415
2024-03-11,0.1,0.5722631884735115,0.8602757466770378
2024-03-12,0.1,1.0864146212313734,1.6753412219053117
2024-03-13,0.1,0.9514558019572672,1.5069698337848851
2024-03-14,0.1,1.1843839772581668,1.7543809016363812
2024-03-15,0.1,1.3983303066416286,1.8496169658890973
2024-03-18,0.1,1.0689112595552797,1.4474836785027676
2024-03-19,0.1,1.3593451546233073,1.6822998035838863
2024-03-21,0.1,1.376405680370391,1.725917961079364
2024-03-22,0.1,1.1009477270916506,1.4982218008695958
2024-03-25,0.1,1.1899874665674766,1.4854025234790078
2024-03-26,0.1,1.0294528381000367,1.5249308986239605
2024-03-27,0.1,0.9018101909197268,1.2349794917331016
2024-03-28,0.1,1.159451019023106,1.5624234891637585
2024-03-29,0.1,1.250514014319697,1.6203777104547228
2024-04-01,0.1,1.1063359381634823,1.4230251828649747
2024-04-02,0.1,1.2786920193128195,1.6872557290947328
2024-04-03,0.1,1.2843976158940866,1.6182570560472609
2024-04-04,0.1,1.3534685241379552,1.8417242278214605
2024-04-05,0.1,0.949164458395516,1.1973063048361643
2024-04-08,0.1,1.154569058455445,1.7217292194453877
2024-04-09,0.1,1.3964538333811527,1.684158223041247
2024-04-10,0.1,1.2404448915756072,1.5046887022492734
2024-04-11,0.1,1.228972682546316,1.6847828199370063
2024-04-12,0.1,1.3579331823279492,1.6825466965625446
2024-04-15,0.1,0.9006411727820934,1.307759216839429
2024-04-16,0.1,1.2156010073645154,1.4870514291754144
2024-04-17,0.1,0.910113147976956,1.3363165698420727
2024-04-18,0.1,1.8658054446120804,2.512042761579839
2024-04-19,0.1,0.912090516359017,1.3080513795156905
2024-04-22,0.1,1.7695134227857154,2.3749905876818884
2024-04-23,0.1,1.4784445296743909,1.9362391227615647
2024-04-24,0.1,1.1161410606022024,1.6080389450090833
2024-04-25,0.1,1.0578435660565912,1.5652280545360897
2024-04-26,0.1,1.7965772795054922,2.246295891598575
2024-04-30,0.1,1.3385555619918328,1.7516520891316392
2024-05-01,0.1,1.3169328003625609,1.7213244055076198
2024-05-02,0.1,0.908251566906432,1.2892278578926222
2024-05-07,0.1,1.3360228944720645,1.734458180551894
2024-05-08,0.1,1.6359040200425854,2.1482941658103476
2024-05-09,0.1,1.7070048435247902,2.262661983879858
2024-05-10,0.1,1.3048837022960442,1.783911355615116
2024-05-13,0.1,1.0452787175690683,1.5202094013842729
2024-05-14,0.1,1.4405786775872318,1.8959833439130696
2024-05-15,0.1,1.2328165477501662,1.635436347323055
2024-05-16,0.1,1.2367411723337127,1.5557958908384082
2024-05-17,0.1,1.3563932516372288,1.6796787235882058
2024-05-20,0.1,0.9386923343510264,1.354271030687351
2024-05-21,0.1,1.0020303440680862,1.321087067290135
2024-05-22,0.1,1.1988533663622836,1.5377674587262782
2024-05-23,0.1,1.4570979656010985,1.8381420205142465
2024-05-24,0.1,1.4480451856127678,1.8471964815558035
2024-05-27,0.1,1.383461452504565,1.8488590336781516
2024-05-28,0.1,1.3732694002127848,1.822297443274022
2024-05-29,0.1,1.1843385981523684,1.6058291429043996
2024-05-30,0.1,0.9312305130940662,1.3807651714259055
2024-05-31,0.1,1.3491434624959378,1.8316820926908324
2024-06-03,0.1,1.2016101802221697,1.638700663132953
2024-06-04,0.1,1.059434884983268,1.4339528308815763
2024-06-05,0.1,0.7638537459771897,1.0982828776641365
2024-06-06,0.1,0.3870072248392822,0.688702057342064
2024-06-07,0.1,0.8620838728456959,1.1913828178574095
2024-06-10,0.1,1.330050801605504,1.6713444859761135
2024-06-11,0.1,0.9707889160798144,1.2148286749674737
2024-06-12,0.1,0.544284025970428,0.8493155529773007
2024-06-13,0.1,0.3947822021227955,0.6374660439510643
2024-06-14,0.1,0.509505664246881,0.8925131767051838
2024-06-17,0.1,0.6763404857980094,1.0396965815478605
2024-06-18,0.1,1.1645918545957017,1.4896547399417042
2024-06-19,0.1,1.4728877215785736,1.732222119043504
2024-06-20,0.1,1.0250742131515544,1.3781812637866953
2024-06-21,0.1,1.1139612794504308,1.4780385292352105
2024-06-24,0.1,0.3450237006890029,0.6052974487169811
2024-06-25,0.1,1.4081889153222906,1.8050013579520776
2024-06-26,0.1,0.4841921128531683,0.6993041149408108
2024-06-27,0.1,0.5393925110518054,1.375468984593963
2024-06-28,0.1,0.7589517919721147,1.0216761266694416
2024-07-01,0.1,1.294802163493988,1.4927631510479988
2024-07-02,0.1,0.7506057679631828,1.007387701000575
2024-07-03,0.1,0.6158730874404375,0.9616952070802712
2024-07-04,0.1,0.6354642090017265,0.9544144570910664
2024-07-05,0.1,0.7990772386559045,1.2910531278315975
2024-07-08,0.1,0.7159142937089931,1.0312951760881277
2024-07-09,0.1,0.3161932833592006,0.6052421281231092
2024-07-10,0.1,0.475721203614198,0.7695990958070656
2024-07-11,0.1,0.9932732708120834,1.2505386263267555
2024-07-12,0.1,1.2721297928458009,1.575403042689609
2024-07-16,0.1,0.3951060551412091,0.7856708748071414
2024-07-17,0.1,0.508025649051428,0.852918857814114
2024-07-18,0.1,0.5571613744142839,0.9423815254847344
2024-07-19,0.1,0.9772442816636328,1.537138044917601
2024-07-22,0.1,1.3236560919758635,1.832403136409048
2024-07-23,0.1,1.2655523599921483,1.806515825223743
2024-07-24,0.1,1.1717164116409653,1.6042235164084042
2024-07-25,0.1,1.1809300773401663,1.7277914089097244
2024-07-26,0.1,2.1087464726495466,2.687843821402084
2024-07-29,0.1,1.5077752234197317,2.121595759390942
2024-07-30,0.1,1.0428202409022365,1.6289027377512983
2024-07-31,0.1,1.1203145813760962,1.5777013835107057
2024-08-01,0.1,1.2996492094495482,1.670361154358204
2024-08-02,0.1,1.1683877772881088,1.5967283083138089
2024-08-05,0.1,2.9154646210574726,3.856235728893042
2024-08-06,0.1,4.169005815278324,6.521203542384201
2024-08-07,0.1,2.075228139075896,3.548989801508982
2024-08-08,0.1,1.8310222046978348,2.928792620466976
2024-08-09,0.1,1.7285337455297196,2.6359725571080785
2024-08-13,0.1,1.546458635144676,2.2869582168621148
2024-08-14,0.1,1.5086401493846318,2.2621171022316493
2024-08-15,0.1,1.3659210120255187,2.003848458557011
2024-08-16,0.1,1.4260173284550075,1.9830484035848996
2024-08-19,0.1,1.0843630045527506,1.804704278444525
2024-08-20,0.1,1.1393833545837135,1.692799363942984
2024-08-21,0.1,0.9592657616878716,1.6021697407322917
2024-08-22,0.1,1.236547198195745,1.6781296999713822
2024-08-23,0.1,1.2241848928721857,1.6635891335670228
2024-08-26,0.1,0.9331937076332034,1.3316643783279123
2024-08-27,0.1,1.4636613132914638,1.977627252895464
2024-08-28,0.1,1.2361065608141155,1.8070412575643784
2024-08-29,0.1,1.3894788067457915,1.940833887395232
2024-08-30,0.1,1.301906048398921,1.747121085059249
2024-09-02,0.1,0.7285752847027553,1.0541869014096938
2024-09-03,0.1,0.7992146302618093,1.085184098193096
2024-09-04,0.1,1.318948749159311,1.5732773068673356
2024-09-05,0.1,2.065396174399676,2.832156938837853
2024-09-06,0.1,2.279374348558943,2.958891052907012
2024-09-09,0.1,1.503330079975576,2.1771763120982617
2024-09-10,0.1,1.6389891147889986,2.202229250599892
2024-09-11,0.1,1.4326685135871335,1.8902037513149044
2024-09-12,0.1,1.2387648436200414,1.6953999860868856
2024-09-13,0.1,1.1964194440450562,1.8446063613759316
2024-09-17,0.1,1.1252044747751984,1.544949414835342
2024-09-18,0.1,1.3766604280503414,1.9162353241570729
2024-09-19,0.1,1.1509260944619255,1.518442751949836
2024-09-20,0.1,1.229881637011376,1.6320942688386182
2024-09-24,0.1,0.7534744606148511,1.1186653268372533
2024-09-25,0.1,1.269630216745649,1.661724101946506
2024-09-26,0.1,1.0271256851501185,1.3204494483397675
2024-09-27,0.1,1.1817922464652897,1.5819817283553406
2024-09-30,0.1,0.9415564716566224,1.4740380496017886
2024-10-01,0.1,1.611708312194012,2.3388506534498656
2024-10-02,0.1,1.5456121598192836,2.199516489073693
2024-10-03,0.1,1.8464308200527209,2.75495297668119
2024-10-04,0.1,1.1643797265156717,1.852303986120055
2024-10-07,0.1,1.3156912163281975,1.9102719960988652
2024-10-08,0.1,1.1535232323624327,1.5681126817910265
2024-10-09,0.1,1.3266572595806767,1.9899641021572916
2024-10-10,0.1,1.500012118526405,1.8935707561736443
2024-10-11,0.1,1.0716635784134505,1.3594382354978305
2024-10-15,0.1,0.9545880095499156,1.2735369390233864
2024-10-16,0.1,1.038514359441602,1.4725869211416065
2024-10-17,0.1,0.9870835755880958,1.4830539142866817
2024-10-18,0.1,1.4902591237739264,2.0006344788943187
2024-10-21,0.1,0.9749832442450148,1.4956137126530114
2024-10-22,0.1,1.469107030155291,2.0197370262625385
2024-10-23,0.1,1.277021360014542,1.7688372123449037
2024-10-24,0.1,1.0538434220243362,1.6348645825618748
2024-10-25,0.1,1.0899889766497342,1.6171881815722378
2024-10-28,0.1,1.0665721213498196,1.506327107202692
2024-10-29,0.1,1.5132309199579803,1.9934314799948665
2024-10-30,0.1,1.5688308268558886,1.9012671154918372
2024-10-31,0.1,1.1835840516711842,1.5715985439030151
2024-11-01,0.1,1.2368171313551437,1.632871624306723
2024-11-05,0.1,1.0671681857669717,1.7094208896984668
2024-11-06,0.1,1.45352946599811,2.028276359484151
2024-11-07,0.1,1.41382879461754,1.9456955706271273
2024-11-08,0.1,1.0915326788746798,1.4622115235772155
2024-11-11,0.1,1.3207860974285175,1.7568954860040629
2024-11-12,0.1,1.32749779401557,1.827481919087769
2024-11-13,0.1,1.4841928863709888,2.0584401253937004
2024-11-14,0.1,1.009339429704537,1.5137139034436802
2024-11-15,0.1,1.1043571722756482,1.7036350421850694
2024-11-18,0.1,1.313106155837138,1.7755332295182578
2024-11-19,0.1,1.4492414232358772,2.018546778030719
2024-11-20,0.1,1.238097026238539,1.5898127625371432
2024-11-21,0.1,1.0104247706203209,1.3934616827437567
2024-11-22,0.1,1.3988828919500864,1.897172106600785
2024-11-25,0.1,1.3528864024775964,1.8537062748391095
2024-11-26,0.1,1.2753176884644573,1.6895256028467496
2024-11-27,0.1,0.3357371416663091,0.6468046878162466
2024-11-28,0.1,0.7700827759895841,1.1336339312912485
2024-11-29,0.1,0.6133757781365836,1.0483575157232483
2024-12-02,0.1,0.8349850731672328,1.1923394621525334
2024-12-03,0.1,0.915968025709798,1.277925064754342
2024-12-04,0.1,1.4512967023400396,1.815651095746008
2024-12-05,0.1,0.8127215494118788,1.1374405022464305
2024-12-06,0.1,0.4123997438684778,0.7610545288837296
2024-12-09,0.1,0.8458691580583375,1.219630306994615
2024-12-10,0.1,0.318158660305518,0.5789443330665716
2024-12-11,0.1,0.7769359871867809,1.1186364060877574
2024-12-12,0.1,0.724844077255735,1.0497602678375983
2024-12-13,0.1,1.2255795427193477,1.5826168791838822
2024-12-16,0.1,0.8396631825394858,1.1452991845471678
2024-12-17,0.1,0.741222967359496,1.0002639276467271
2024-12-18,0.1,0.4401298771068756,0.7142155437924914
2024-12-19,0.1,0.936644358812556,1.274391746419156
2024-12-20,0.1,0.8331481587449375,1.2119725435524924
2024-12-23,0.1,1.1358424277828203,1.535909962928017
2024-12-24,0.1,0.9555747323200182,1.2033243529755904
2024-12-25,0.1,0.5756707082987369,0.8234745965619913
2024-12-26,0.1,0.7523999291255874,0.99155653093879
2024-12-27,0.1,1.155561423901453,1.3768081872342897
2024-12-30,0.1,0.9666255948831536,1.2966421194337618
